Date,Game,Lean,Confidence,Edge_Label,Total_Line,Side,Side_Juice,Stake,Result,Hit_Miss,PnL,Signal_Fact,Market_Fact,Risk_Fact,Signals,Model_Total,Model_Prob,Entry_Cost,Kalshi_Ticker,Close_Cost,CLV
2026-06-20,Cincinnati Reds @ New York Yankees,OVER,,TARGET,9.5,OVER,-106,,OVER,HIT,9.43,,,,,,,,,,
2026-06-20,San Francisco Giants @ Miami Marlins,LEAN OVER,,TARGET,8.0,OVER,-107,,OVER,HIT,9.35,,,,,,,,,,
2026-06-20,Milwaukee Brewers @ Atlanta Braves,UNDER,,TARGET,7.0,UNDER,-106,,PUSH,PUSH,0,,,,,,,,,,
2026-06-20,New York Mets @ Philadelphia Phillies,STRONG UNDER,,PRIME TARGET,7.5,UNDER,-84,,OVER,MISS,-10,,,,,,,,,,
2026-06-21,Cincinnati Reds @ New York Yankees,UNDER,,TARGET,8.3,UNDER,-19,,UNDER,HIT,9.09,,,,,,,,,,
2026-06-21,Chicago White Sox @ Detroit Tigers,STRONG UNDER,,PRIME TARGET,8.0,UNDER,-82,,OVER,MISS,-10,,,,,,,,,,
2026-06-21,Pittsburgh Pirates @ Colorado Rockies,OVER,,TARGET,11.9,OVER,-82,5,OVER,HIT,4.55,,,,,,,,,,
2026-06-21,Baltimore Orioles @ Los Angeles Dodgers,OVER,,TARGET,9.1,OVER,-58,,OVER,HIT,9.09,,,,,,,,,,
2026-06-21,Milwaukee Brewers @ Atlanta Braves,LEAN OVER,,TARGET,8.9,OVER,-38,,OVER,HIT,9.09,,,,,,,,,,
2026-06-21,Boston Red Sox @ Seattle Mariners,STRONG UNDER,,PRIME TARGET,6.5,UNDER,-82,5,UNDER,HIT,4.55,,,,,,,,,,
2026-06-22,New York Yankees @ Detroit Tigers,LEAN UNDER,,TARGET,8.5,UNDER,-106,,UNDER,HIT,9.43,,,,,,,,,,
2026-06-22,Arizona Diamondbacks @ St. Louis Cardinals,LEAN OVER,,TARGET,8.5,OVER,-109,,UNDER,MISS,-10,,,,,,,,,,
2026-06-22,Texas Rangers @ Miami Marlins,LEAN OVER,,TARGET,7.4,OVER,-110,,UNDER,MISS,-10,,,,,,,,,,
2026-06-22,Atlanta Braves @ San Diego Padres,LEAN OVER,,TARGET,7.5,OVER,+32,,UNDER,MISS,-10,,,,,,,,,,
2026-06-23,Cleveland Guardians @ Chicago White Sox,UNDER,,TARGET,7.1,UNDER,-32,,UNDER,HIT,9.09,,,,,,,,,,
2026-06-23,Texas Rangers @ Miami Marlins,LEAN OVER,MEDIUM,TARGET,8.5,OVER,-108,,OVER,HIT,9.26,,,,,,,,,,
2026-06-23,New York Yankees @ Detroit Tigers,LEAN UNDER,MEDIUM,TARGET,7.5,UNDER,-109,,UNDER,HIT,9.17,,,,,,,,,,
2026-06-23,Milwaukee Brewers @ Cincinnati Reds,LEAN OVER,HIGH,TARGET,9.0,OVER,-107,,UNDER,MISS,-10,,,,,,,,,,
2026-06-23,Arizona Diamondbacks @ St. Louis Cardinals,OVER,HIGH,TARGET,8.5,OVER,-107,,UNDER,MISS,-10,,,,,,,,,,
2026-06-23,Athletics @ San Francisco Giants,LEAN OVER,HIGH,TARGET,8.0,OVER,+47,,UNDER,MISS,-10,,,,,,,,,,
2026-06-24,Baltimore Orioles @ Los Angeles Angels,LEAN OVER,MEDIUM,TARGET,9.4,OVER,+6,,OVER,HIT,9.09,,,,,,,,,,
2026-06-24,Athletics @ San Francisco Giants,LEAN UNDER,HIGH,TARGET,8.5,UNDER,+36,,UNDER,HIT,9.09,,,,,,,,,,
2026-06-24,Boston Red Sox @ Colorado Rockies,LEAN OVER,HIGH,TARGET,11.2,OVER,-88,,OVER,HIT,9.09,,,,,,,,,,
2026-06-24,Kansas City Royals @ Tampa Bay Rays,DOME — LEAN OVER,MEDIUM,KALSHI EDGE,8.0,OVER,-111,,PUSH,PUSH,0,,,,,,,,,,
2026-06-24,Houston Astros @ Toronto Blue Jays,DOME — LEAN UNDER,MEDIUM,KALSHI EDGE,8.5,UNDER,-107,,UNDER,HIT,9.35,,,,,,,,,,
2026-06-24,Atlanta Braves @ San Diego Padres,LEAN UNDER,MEDIUM,KALSHI EDGE,8.5,UNDER,-117,,UNDER,HIT,8.55,,,,,,,,,,
2026-07-02,Miami Marlins @ Colorado Rockies,STRONG OVER,HIGH,PRIME TARGET,14.0,OVER,-76,,OVER,HIT,9.09,,,,,,,,,,
2026-07-06,Toronto Blue Jays @ San Francisco Giants,UNDER,HIGH,TARGET,7.7,UNDER,-17,,OVER,MISS,-10,,,,,,,,,,
2026-07-07,Toronto Blue Jays @ San Francisco Giants,LEAN UNDER,HIGH,TARGET,7.7,UNDER,-19,,OVER,MISS,-10,"Away's Spencer Miles has been excellent at 3.29 xERA (2.83 ERA), keeping the lid on scoring.","Market: Kalshi favors the over (Over 1.96x / Under 2.08x), conflicting with the bot's lean.","Biggest risk: wind at this park is medium-reliability, so the forecast behind this call may not match what actually happens in-stadium.",,,,,,,
2026-07-07,Colorado Rockies @ Los Angeles Dodgers,LEAN OVER,MEDIUM,TARGET,9.6,OVER,-111,,UNDER,MISS,-10,"Away's Michael Lorenzen has been hittable at 5.59 xERA (6.91 ERA), opening the door for more runs.","Market: Kalshi favors the under (Over 2.04x / Under 2.00x), conflicting with the bot's lean.","Biggest risk: Away ERA-xERA gap — pitcher has been unlucky, expect improvement, a signal pointing the other way that could still flip this total.",,,,,,,
2026-07-08,Colorado Rockies @ Los Angeles Dodgers,LEAN OVER,MEDIUM,TARGET,10.0,OVER,-104,,UNDER,MISS,-10,"Home's Roki Sasaki has been hittable at 4.78 xERA (5.40 ERA), opening the door for more runs.","Market: Kalshi favors the under (Over 2.27x / Under 1.82x), conflicting with the bot's lean.","Biggest risk: Home elite bullpen quality, a signal pointing the other way that could still flip this total.",,,,,,,
2026-07-18,Texas Rangers @ Atlanta Braves,UNDER,HIGH,TARGET,8.5,UNDER,+117,,OVER,MISS,-10,"Home's Owen Murphy has been excellent at 2.76 xERA (2.25 ERA), keeping the lid on scoring.","Market: Kalshi favors the over (Over 1.89x / Under 2.17x), conflicting with the bot's lean.","Biggest risk: no clear counter-signal fired, but a single bad bullpen inning or late weather shift could still flip a total this close.",,,,,,,
2026-07-18,Washington Nationals @ Athletics,OVER,MEDIUM,TARGET,11.5,OVER,+117,,OVER,HIT,11.7,"Away's Zack Littell has been hittable at 6.39 xERA (4.90 ERA), opening the door for more runs.","Market: Kalshi favors the under (Over 2.17x / Under 1.89x), conflicting with the bot's lean.","Biggest risk: wind at this park is medium-reliability, so the forecast behind this call may not match what actually happens in-stadium.",,,,,,,
2026-07-18,Cincinnati Reds @ Colorado Rockies,STRONG OVER,HIGH,PRIME TARGET,12.5,OVER,+104,,OVER,HIT,10.4,"Away's Rhett Lowder has been hittable at 5.48 xERA (4.91 ERA), opening the door for more runs.","Market: Kalshi favors the under (Over 2.04x / Under 2.00x), conflicting with the bot's lean.","Biggest risk: no clear counter-signal fired, but a single bad bullpen inning or late weather shift could still flip a total this close.",,,,,,,
2026-07-19,San Diego Padres @ Kansas City Royals,LEAN OVER,HIGH,TARGET,10.5,OVER,+117,,OVER,HIT,11.7,"Away's Germán Márquez has been hittable at 5.70 xERA (5.18 ERA), opening the door for more runs.","Market: Kalshi favors the under (Over 2.17x / Under 1.89x), conflicting with the bot's lean.","Biggest risk: no clear counter-signal fired, but a single bad bullpen inning or late weather shift could still flip a total this close.",,,,,,,
2026-07-19,Cincinnati Reds @ Colorado Rockies,STRONG OVER,HIGH,PRIME TARGET,11.5,OVER,+122,,OVER,HIT,12.2,"Away's Hunter Greene has been hittable at 4.83 xERA (6.97 ERA), opening the door for more runs.","Market: Kalshi favors the under (Over 2.22x / Under 1.85x), conflicting with the bot's lean.","Biggest risk: Away ERA-xERA gap — pitcher has been unlucky, expect improvement, a signal pointing the other way that could still flip this total.",,,,,,,
2026-07-19,Pittsburgh Pirates @ Cleveland Guardians,LEAN UNDER,HIGH,TARGET,6.5,UNDER,+117,,OVER,MISS,-10,"Away's Paul Skenes has been excellent at 2.73 xERA (3.57 ERA), keeping the lid on scoring.","Market: Kalshi favors the over (Over 1.89x / Under 2.17x), conflicting with the bot's lean.","Biggest risk: no clear counter-signal fired, but a single bad bullpen inning or late weather shift could still flip a total this close.",,,,,,,
2026-07-20,Pittsburgh Pirates @ New York Yankees,NEUTRAL,LOW,PRIME TARGET,9.5,OVER,+189,,OVER,HIT,18.9,Yankee Stadium is one of the more hitter-friendly parks in MLB (factor 1.10).,Model projects 9.30 runs — P(OVER 9.5) = 48.2% vs market cost 34.5% including fees.,"Biggest risk: Away pitcher xERA 3.31 (ERA 3.49) — solid, mild under lean, a signal pointing the other way that could still flip this total.",park_hitter:OVER:1|pitcher_solid:UNDER:1|bullpen_elite:UNDER:2,9.30,0.482,0.33,KXMLBTOTAL-26JUL201905PITNYY-10,0.99,66.0
2026-07-20,Los Angeles Dodgers @ Philadelphia Phillies,LEAN UNDER,MEDIUM,PRIME TARGET,8.5,UNDER,-107,,OVER,MISS,-10,"Home's Cristopher Sánchez has been excellent at 3.21 xERA (2.62 ERA), keeping the lid on scoring.",Model projects 6.90 runs — P(UNDER 8.5) = 66.3% vs market cost 51.7% including fees.,"Biggest risk: wind at this park is medium-reliability, so the forecast behind this call may not match what actually happens in-stadium.",pitcher_solid:UNDER:1|lineup_cold:UNDER:2,6.90,0.663,0.50,KXMLBTOTAL-26JUL201910LADPHI-9,0.01,-49.0
2026-07-20,San Diego Padres @ Atlanta Braves,NEUTRAL,MEDIUM,TARGET,11.5,OVER,+218,,UNDER,MISS,-10,"Away's JP Sears has been hittable at 5.41 xERA (5.03 ERA), opening the door for more runs.",Model projects 10.11 runs — P(OVER 11.5) = 38.1% vs market cost 31.5% including fees.,"Biggest risk: Home elite bullpen quality, a signal pointing the other way that could still flip this total.",pitcher_hittable:OVER:1|bullpen_elite:UNDER:2,10.11,0.381,0.30,KXMLBTOTAL-26JUL201915SDATL-12,0.01,-29.0
2026-07-20,San Francisco Giants @ Kansas City Royals,NEUTRAL,LOW,PRIME TARGET,10.5,UNDER,-121,,UNDER,HIT,8.26,No single dominant signal — the call comes from the runs projection.,Model projects 8.98 runs — P(UNDER 10.5) = 63.6% vs market cost 54.7% including fees.,"Biggest risk: Very hot (93F) — ball carries significantly, a signal pointing the other way that could still flip this total.",temp_hot:OVER:2|era_gap_unlucky:UNDER:2|bullpen_poor:OVER:2,8.98,0.636,0.53,KXMLBTOTAL-26JUL201940SFKC-11,0.99,46.0
2026-07-20,Athletics @ Arizona Diamondbacks,DOME — NEUTRAL,MEDIUM,TARGET,9.5,OVER,+105,,UNDER,MISS,-10,"Home's Mitch Bratt has been hittable at 6.48 xERA (6.00 ERA), opening the door for more runs.",Model projects 10.00 runs — P(OVER 9.5) = 54.4% vs market cost 48.7% including fees.,"Biggest risk: Away ERA-xERA gap — pitcher has been unlucky, expect improvement, a signal pointing the other way that could still flip this total.",era_gap_unlucky:UNDER:2|pitcher_hittable:OVER:1|bullpen_poor:OVER:2,10.00,0.544,0.47,KXMLBTOTAL-26JUL202140ATHAZ-10,0.01,-46.0
2026-07-20,Minnesota Twins @ Cleveland Guardians,NEUTRAL,MEDIUM,PRIME TARGET,8.5,UNDER,+152,,OVER,MISS,-10,"Away's Joe Ryan has been excellent at 3.21 xERA (2.84 ERA), keeping the lid on scoring.",Model projects 8.29 runs — P(UNDER 8.5) = 52.0% vs market cost 39.6% including fees.,"Biggest risk: confidence is only MEDIUM, meaning fewer signals lined up behind this call than an ideal setup.",pitcher_solid:UNDER:1,8.29,0.520,0.38,KXMLBTOTAL-26JUL201840MINCLE-9,0.01,-37.0
2026-07-20,Chicago White Sox @ Texas Rangers,DOME — NEUTRAL,MEDIUM,PRIME TARGET,9.5,OVER,+198,,OVER,HIT,19.8,No single dominant signal — the call comes from the runs projection.,Model projects 9.56 runs — P(OVER 9.5) = 50.5% vs market cost 33.5% including fees.,"Biggest risk: Home pitcher xERA 3.46 (ERA 3.49) — solid, mild under lean, a signal pointing the other way that could still flip this total.",pitcher_solid:UNDER:1,9.56,0.505,0.32,KXMLBTOTAL-26JUL202005CWSTEX-10,0.99,67.0
2026-07-20,Miami Marlins @ Houston Astros,NEUTRAL,LOW,PRIME TARGET,9.5,OVER,+129,,OVER,HIT,12.9,No single dominant signal — the call comes from the runs projection.,Model projects 9.74 runs — P(OVER 9.5) = 52.1% vs market cost 43.7% including fees.,"Biggest risk: wind at this park is low-reliability, so the forecast behind this call may not match what actually happens in-stadium.",temp_hot:OVER:2,9.74,0.521,0.42,KXMLBTOTAL-26JUL202010MIAHOU-10,0.99,57.0
2026-07-21,New York Mets @ Milwaukee Brewers,DOME — LEAN OVER,MEDIUM,TARGET,9.5,OVER,+129,,UNDER,MISS,-10,"Home's Brandon Sproat has been hittable at 4.81 xERA (5.16 ERA), opening the door for more runs.",Model projects 9.41 runs — P(OVER 9.5) = 49.2% vs market cost 43.7% including fees.,"Biggest risk: confidence is only MEDIUM, meaning fewer signals lined up behind this call than an ideal setup.",era_gap_lucky:OVER:2|pitcher_hittable:OVER:1,9.41,0.492,0.42,KXMLBTOTAL-26JUL211940NYMMIL-10,0.01,-41.0
2026-07-21,Detroit Tigers @ Chicago Cubs,NEUTRAL,MEDIUM,PRIME TARGET,9.5,OVER,+166,,OVER,HIT,16.6,"Home's David Peterson has been hittable at 5.35 xERA (6.45 ERA), opening the door for more runs.",Model projects 9.71 runs — P(OVER 9.5) = 51.8% vs market cost 37.6% including fees.,"Biggest risk: Home ERA-xERA gap — pitcher has been unlucky, expect improvement, a signal pointing the other way that could still flip this total.",pitcher_hittable:OVER:1|era_gap_unlucky:UNDER:2,9.71,0.518,0.36,KXMLBTOTAL-26JUL212005DETCHC-10,0.99,63.0
2026-07-21,Chicago White Sox @ Texas Rangers,DOME — NEUTRAL,MEDIUM,PRIME TARGET,9.5,OVER,+134,,OVER,HIT,13.4,"Away's Noah Schultz has been hittable at 6.05 xERA (5.60 ERA), opening the door for more runs.",Model projects 9.68 runs — P(OVER 9.5) = 51.6% vs market cost 42.7% including fees.,"Biggest risk: confidence is only MEDIUM, meaning fewer signals lined up behind this call than an ideal setup.",pitcher_hittable:OVER:1,9.68,0.516,0.41,KXMLBTOTAL-26JUL212005CWSTEX-10,0.99,58.0
2026-07-21,Washington Nationals @ Colorado Rockies,OVER,HIGH,TARGET,15.5,OVER,+208,,UNDER,MISS,-10,"Home's Michael Lorenzen has been hittable at 5.56 xERA (6.22 ERA), opening the door for more runs.",Model projects 14.16 runs — P(OVER 15.5) = 40.3% vs market cost 32.5% including fees.,"Biggest risk: Away ERA-xERA gap — pitcher has been unlucky, expect improvement, a signal pointing the other way that could still flip this total.",park_hitter:OVER:1|era_gap_unlucky:UNDER:2|pitcher_hittable:OVER:1|lineup_hot:OVER:2|bullpen_poor:OVER:2,14.16,0.403,0.31,KXMLBTOTAL-26JUL212040WSHCOL-16,0.01,-30.0
2026-07-21,St. Louis Cardinals @ Los Angeles Angels,NEUTRAL,LOW,PRIME TARGET,8.5,UNDER,+119,,UNDER,HIT,11.9,"Home's Walbert Ureña has been excellent at 3.31 xERA (2.88 ERA), keeping the lid on scoring.",Model projects 8.01 runs — P(UNDER 8.5) = 54.7% vs market cost 45.7% including fees.,"Biggest risk: Away pitcher xERA 5.28 (ERA 5.00) — hittable, over lean, a signal pointing the other way that could still flip this total.",pitcher_hittable:OVER:1|pitcher_solid:UNDER:1,8.01,0.547,0.44,KXMLBTOTAL-26JUL212138STLLAA-9,0.99,55.0
2026-07-21,Athletics @ Arizona Diamondbacks,DOME — NEUTRAL,LOW,TARGET,6.5,UNDER,+313,,OVER,MISS,-10,No single dominant signal — the call comes from the runs projection.,Model projects 8.48 runs — P(UNDER 6.5) = 32.0% vs market cost 24.2% including fees.,"Biggest risk: Away poor bullpen quality — late innings vulnerable, a signal pointing the other way that could still flip this total.",era_gap_unlucky:UNDER:2|bullpen_poor:OVER:2,8.48,0.320,0.23,KXMLBTOTAL-26JUL212140ATHAZ-7,0.01,-22.0
2026-07-22,Pittsburgh Pirates @ New York Yankees (Game 1),OVER,HIGH,PRIME TARGET,11.5,OVER,+198,,UNDER,MISS,-10,"Away's Mitch Keller has been hittable at 5.38 xERA (5.14 ERA), opening the door for more runs.",Model projects 11.17 runs — P(OVER 11.5) = 47.3% vs market cost 33.5% including fees.,"Biggest risk: Home elite bullpen quality, a signal pointing the other way that could still flip this total.",park_hitter:OVER:1|wind_out_mild:OVER:1|pitcher_hittable:OVER:1|lineup_hot:OVER:2|bullpen_elite:UNDER:2,11.17,0.473,0.32,KXMLBTOTAL-26JUL221305PITNYYG1-12,0.01,-31.0
2026-07-22,San Francisco Giants @ Kansas City Royals,NEUTRAL,LOW,PRIME TARGET,9.5,OVER,+134,,UNDER,MISS,-10,"Home's Seth Lugo has been hittable at 5.53 xERA (4.39 ERA), opening the door for more runs.",Model projects 10.04 runs — P(OVER 9.5) = 54.7% vs market cost 42.7% including fees.,"Biggest risk: Away pitcher xERA 3.41 (ERA 3.98) — solid, mild under lean, a signal pointing the other way that could still flip this total.",pitcher_solid:UNDER:1|pitcher_hittable:OVER:1|era_gap_lucky:OVER:2,10.04,0.547,0.41,KXMLBTOTAL-26JUL221410SFKC-10,0.01,-40.0
2026-07-22,Washington Nationals @ Colorado Rockies,OVER,MEDIUM,TARGET,11.5,OVER,-103,,UNDER,MISS,-10,Coors Field is one of the more hitter-friendly parks in MLB (factor 1.20).,Model projects 12.33 runs — P(OVER 11.5) = 56.4% vs market cost 50.7% including fees.,"Biggest risk: Home pitcher xERA 2.74 (ERA 3.14) — elite, suppresses scoring, a signal pointing the other way that could still flip this total.",park_hitter:OVER:1|temp_hot:OVER:2|pitcher_elite:UNDER:1|lineup_hot:OVER:2|bullpen_poor:OVER:2|bullpen_poor:OVER:2,12.33,0.564,0.49,KXMLBTOTAL-26JUL221510WSHCOL-12,0.01,-48.0
2026-07-22,Athletics @ Arizona Diamondbacks,DOME — LEAN OVER,MEDIUM,TARGET,9.5,OVER,+119,,OVER,HIT,11.9,"Home's Merrill Kelly has been hittable at 7.55 xERA (5.20 ERA), opening the door for more runs.",Model projects 9.84 runs — P(OVER 9.5) = 53.0% vs market cost 45.7% including fees.,"Biggest risk: Home elite bullpen quality, a signal pointing the other way that could still flip this total.",pitcher_hittable:OVER:1|era_gap_lucky:OVER:2|bullpen_poor:OVER:2|bullpen_elite:UNDER:2,9.84,0.530,0.44,KXMLBTOTAL-26JUL221540ATHAZ-10,0.99,55.0
2026-07-22,Los Angeles Dodgers @ Philadelphia Phillies,NEUTRAL,MEDIUM,PRIME TARGET,6.5,UNDER,+331,,OVER,MISS,-10,No single dominant signal — the call comes from the runs projection.,Model projects 8.35 runs — P(UNDER 6.5) = 32.9% vs market cost 23.2% including fees.,"Biggest risk: Away pitcher xERA 4.97 (ERA 4.81) — hittable, over lean, a signal pointing the other way that could still flip this total.",pitcher_hittable:OVER:1|era_gap_unlucky:UNDER:2,8.35,0.329,0.22,KXMLBTOTAL-26JUL221840LADPHI-7,0.01,-21.0
2026-07-22,Tampa Bay Rays @ Toronto Blue Jays,DOME — LEAN OVER,MEDIUM,TARGET,8.5,OVER,+114,,UNDER,MISS,-10,"Away's Griffin Jax has been hittable at 5.31 xERA (4.08 ERA), opening the door for more runs.",Model projects 8.93 runs — P(OVER 8.5) = 54.0% vs market cost 46.7% including fees.,"Biggest risk: confidence is only MEDIUM, meaning fewer signals lined up behind this call than an ideal setup.",pitcher_hittable:OVER:1|era_gap_lucky:OVER:2,8.93,0.540,0.45,KXMLBTOTAL-26JUL221907TBTOR-9,0.01,-44.0
2026-07-22,San Diego Padres @ Atlanta Braves,NEUTRAL,LOW,PRIME TARGET,9.5,OVER,+134,,OVER,HIT,13.4,No single dominant signal — the call comes from the runs projection.,Model projects 9.89 runs — P(OVER 9.5) = 53.4% vs market cost 42.7% including fees.,"Biggest risk: confidence is only LOW, meaning fewer signals lined up behind this call than an ideal setup.",era_gap_lucky:OVER:2|era_gap_lucky:OVER:2,9.89,0.534,0.41,KXMLBTOTAL-26JUL221915SDATL-10,0.99,58.0
2026-07-22,Chicago White Sox @ Texas Rangers,DOME — NEUTRAL,LOW,PRIME TARGET,8.5,UNDER,+101,,UNDER,HIT,10.1,"Home's Tyler Alexander has been excellent at 3.22 xERA (2.79 ERA), keeping the lid on scoring.",Model projects 7.47 runs — P(UNDER 8.5) = 60.2% vs market cost 49.7% including fees.,"Biggest risk: Away pitcher xERA 5.35 (ERA 4.24) — hittable, over lean, a signal pointing the other way that could still flip this total.",pitcher_hittable:OVER:1|era_gap_lucky:OVER:2|pitcher_solid:UNDER:1|lineup_cold:UNDER:2,7.47,0.602,0.48,KXMLBTOTAL-26JUL222005CWSTEX-9,0.99,51.0
2026-07-22,Detroit Tigers @ Chicago Cubs,NEUTRAL,LOW,PRIME TARGET,9.5,OVER,+173,,UNDER,MISS,-10,"Home's Colin Rea has been hittable at 5.46 xERA (4.74 ERA), opening the door for more runs.",Model projects 9.21 runs — P(OVER 9.5) = 47.4% vs market cost 36.6% including fees.,"Biggest risk: Away pitcher xERA 3.49 (ERA 3.22) — solid, mild under lean, a signal pointing the other way that could still flip this total.",pitcher_solid:UNDER:1|pitcher_hittable:OVER:1,9.21,0.474,0.35,KXMLBTOTAL-26JUL222010DETCHC-10,0.01,-34.0
2026-07-22,Miami Marlins @ Houston Astros,NEUTRAL,MEDIUM,PRIME TARGET,9.5,OVER,+166,,UNDER,MISS,-10,"Miami Marlins's lineup has been hot, with a 0.804 OPS over the last 15 games and 0.802 on the season.",Model projects 9.84 runs — P(OVER 9.5) = 53.0% vs market cost 37.6% including fees.,"Biggest risk: Home pitcher xERA 3.29 (ERA 3.03) — solid, mild under lean, a signal pointing the other way that could still flip this total.",temp_hot:OVER:2|pitcher_solid:UNDER:1|lineup_hot:OVER:2,9.84,0.530,0.36,KXMLBTOTAL-26JUL222010MIAHOU-10,0.01,-35.0
2026-07-23,Minnesota Twins @ Cleveland Guardians,NEUTRAL,LOW,PRIME TARGET,9.5,OVER,+218,,UNDER,MISS,-10,No single dominant signal — the call comes from the runs projection.,Model projects 9.18 runs — P(OVER 9.5) = 47.1% vs market cost 31.5% including fees.,"Biggest risk: confidence is only LOW, meaning fewer signals lined up behind this call than an ideal setup.",,9.18,0.471,0.30,KXMLBTOTAL-26JUL231310MINCLE-10,0.01,-29.0
2026-07-23,Arizona Diamondbacks @ St. Louis Cardinals,LEAN OVER,MEDIUM,PRIME TARGET,8.5,OVER,+159,,OVER,HIT,15.9,"Home's Michael McGreevy has been hittable at 5.35 xERA (2.92 ERA), opening the door for more runs.",Model projects 9.43 runs — P(OVER 8.5) = 58.2% vs market cost 38.6% including fees.,"Biggest risk: confidence is only MEDIUM, meaning fewer signals lined up behind this call than an ideal setup.",pitcher_hittable:OVER:1|era_gap_lucky:OVER:2,9.43,0.582,0.37,KXMLBTOTAL-26JUL231715AZSTL-9,0.99,62.0
2026-07-23,Kansas City Royals @ Detroit Tigers,LEAN OVER,MEDIUM,PRIME TARGET,9.5,OVER,+218,,UNDER,MISS,-10,"Away's Randy Dobnak has been hittable at 5.60 xERA (1.84 ERA), opening the door for more runs.",Model projects 8.97 runs — P(OVER 9.5) = 45.2% vs market cost 31.5% including fees.,"Biggest risk: Home pitcher xERA 3.03 (ERA 1.77) — solid, mild under lean, a signal pointing the other way that could still flip this total.",pitcher_hittable:OVER:1|era_gap_lucky:OVER:2|pitcher_solid:UNDER:1|era_gap_lucky:OVER:2|bullpen_poor:OVER:2,8.97,0.452,0.30,KXMLBTOTAL-26JUL231840KCDET-10,0.01,-29.0
2026-07-24,Kansas City Royals @ Detroit Tigers,NEUTRAL,MEDIUM,TARGET,9.5,OVER,+208,,UNDER,MISS,-10,No single dominant signal — the call comes from the runs projection.,Model projects 8.31 runs — P(OVER 9.5) = 38.8% vs market cost 32.5% including fees.,"Biggest risk: Home pitcher xERA 3.07 (ERA 2.83) — solid, mild under lean, a signal pointing the other way that could still flip this total.",era_gap_lucky:OVER:2|pitcher_solid:UNDER:1,8.31,0.388,0.31,KXMLBTOTAL-26JUL241840KCDET-10,0.01,-30.0
2026-07-24,Chicago Cubs @ Pittsburgh Pirates,NEUTRAL,MEDIUM,PRIME TARGET,9.5,OVER,+173,,UNDER,MISS,-10,No single dominant signal — the call comes from the runs projection.,Model projects 9.87 runs — P(OVER 9.5) = 53.2% vs market cost 36.6% including fees.,"Biggest risk: Home pitcher xERA 3.31 (ERA 4.05) — solid, mild under lean, a signal pointing the other way that could still flip this total.",pitcher_solid:UNDER:1|bullpen_poor:OVER:2,9.87,0.532,0.35,KXMLBTOTAL-26JUL241840CHCPIT-10,0.01,-34.0
2026-07-24,Arizona Diamondbacks @ Washington Nationals,LEAN OVER,MEDIUM,PRIME TARGET,11.5,OVER,+189,,UNDER,MISS,-10,"Away's Eduardo Rodriguez has been hittable at 5.11 xERA (2.62 ERA), opening the door for more runs.",Model projects 11.42 runs — P(OVER 11.5) = 49.3% vs market cost 34.5% including fees.,"Biggest risk: Home ERA-xERA gap — pitcher has been unlucky, expect improvement, a signal pointing the other way that could still flip this total.",pitcher_hittable:OVER:1|era_gap_lucky:OVER:2|era_gap_unlucky:UNDER:2|lineup_hot:OVER:2,11.42,0.493,0.33,KXMLBTOTAL-26JUL241845AZWSH-12,0.01,-32.0
2026-07-24,New York Yankees @ Philadelphia Phillies,LEAN UNDER,HIGH,PRIME TARGET,6.5,UNDER,+146,,UNDER,HIT,14.6,"Away's Cam Schlittler has been excellent at 3.03 xERA (2.20 ERA), keeping the lid on scoring.",Model projects 6.48 runs — P(UNDER 6.5) = 50.3% vs market cost 40.7% including fees.,"Biggest risk: wind at this park is medium-reliability, so the forecast behind this call may not match what actually happens in-stadium.",pitcher_solid:UNDER:1|pitcher_solid:UNDER:1,6.48,0.503,0.39,KXMLBTOTAL-26JUL241845NYYPHI-7,0.99,60.0
2026-07-24,Cleveland Guardians @ Tampa Bay Rays,DOME — NEUTRAL,LOW,TARGET,9.5,OVER,+240,,OVER,HIT,24,No single dominant signal — the call comes from the runs projection.,Model projects 7.93 runs — P(OVER 9.5) = 35.1% vs market cost 29.4% including fees.,"Biggest risk: confidence is only LOW, meaning fewer signals lined up behind this call than an ideal setup.",era_gap_lucky:OVER:2,7.93,0.351,0.28,KXMLBTOTAL-26JUL241910CLETB-10,0.99,71.0
2026-07-24,Toronto Blue Jays @ Boston Red Sox,NEUTRAL,MEDIUM,PRIME TARGET,8.5,UNDER,-103,,OVER,MISS,-10,"Away's Trey Yesavage has been excellent at 3.34 xERA (3.78 ERA), keeping the lid on scoring.",Model projects 7.02 runs — P(UNDER 8.5) = 65.0% vs market cost 50.7% including fees.,"Biggest risk: wind at this park is medium-reliability, so the forecast behind this call may not match what actually happens in-stadium.",pitcher_solid:UNDER:1,7.02,0.650,0.49,KXMLBTOTAL-26JUL241915TORBOS-9,0.01,-48.0
2026-07-24,Houston Astros @ Chicago White Sox,LEAN OVER,HIGH,TARGET,8.5,UNDER,+109,,OVER,MISS,-10,"Chicago White Sox's lineup has been cold, with a 0.639 OPS over the last 15 games and 0.649 on the season.",Model projects 8.05 runs — P(UNDER 8.5) = 54.3% vs market cost 47.7% including fees.,"Biggest risk: Wind OUT at 10mph SSE — mild carry boost, a signal pointing the other way that could still flip this total.",wind_out_mild:OVER:1|pitcher_hittable:OVER:1|era_gap_lucky:OVER:2|lineup_cold:UNDER:2,8.05,0.543,0.46,KXMLBTOTAL-26JUL241940HOUCWS-9,0.01,-45.0
2026-07-24,Seattle Mariners @ Texas Rangers,DOME — LEAN UNDER,MEDIUM,PRIME TARGET,6.5,UNDER,+152,,OVER,MISS,-10,"Away's Bryce Miller has been excellent at 2.49 xERA (2.27 ERA), keeping the lid on scoring.",Model projects 6.07 runs — P(UNDER 6.5) = 54.8% vs market cost 39.6% including fees.,"Biggest risk: confidence is only MEDIUM, meaning fewer signals lined up behind this call than an ideal setup.",pitcher_elite:UNDER:1|lineup_cold:UNDER:2,6.07,0.548,0.38,KXMLBTOTAL-26JUL242005SEATEX-7,0.01,-37.0
2026-07-24,Cincinnati Reds @ St. Louis Cardinals,NEUTRAL,MEDIUM,PRIME TARGET,8.5,OVER,+119,,UNDER,MISS,-10,"Away's Rhett Lowder has been hittable at 5.64 xERA (5.75 ERA), opening the door for more runs.",Model projects 8.96 runs — P(OVER 8.5) = 54.2% vs market cost 45.7% including fees.,"Biggest risk: confidence is only MEDIUM, meaning fewer signals lined up behind this call than an ideal setup.",pitcher_hittable:OVER:1,8.96,0.542,0.44,KXMLBTOTAL-26JUL242015CINSTL-9,0.01,-43.0
2026-07-25,Arizona Diamondbacks @ Washington Nationals,LEAN OVER,MEDIUM,PRIME TARGET,11.5,OVER,+208,,UNDER,MISS,-10,"Away's Mitch Bratt has been hittable at 5.30 xERA (5.06 ERA), opening the door for more runs.",Model projects 11.60 runs — P(OVER 11.5) = 50.8% vs market cost 32.5% including fees.,"Biggest risk: confidence is only MEDIUM, meaning fewer signals lined up behind this call than an ideal setup.",pitcher_hittable:OVER:1|era_gap_lucky:OVER:2|bullpen_poor:OVER:2,11.60,0.508,0.31,KXMLBTOTAL-26JUL251605AZWSH-12,0.01,-30.0
2026-07-25,Cleveland Guardians @ Tampa Bay Rays,DOME — NEUTRAL,LOW,PRIME TARGET,9.5,OVER,+181,,UNDER,MISS,-10,No single dominant signal — the call comes from the runs projection.,Model projects 8.99 runs — P(OVER 9.5) = 45.4% vs market cost 35.6% including fees.,"Biggest risk: confidence is only LOW, meaning fewer signals lined up behind this call than an ideal setup.",era_gap_lucky:OVER:2,8.99,0.454,0.34,KXMLBTOTAL-26JUL251810CLETB-10,0.01,-33.0
2026-07-25,Colorado Rockies @ Milwaukee Brewers,DOME — NEUTRAL,MEDIUM,PRIME TARGET,11.5,OVER,+266,,OVER,HIT,26.6,"Away's Ryan Feltner has been hittable at 5.85 xERA (5.48 ERA), opening the door for more runs.",Model projects 10.55 runs — P(OVER 11.5) = 42.0% vs market cost 27.3% including fees.,"Biggest risk: Home ERA-xERA gap — pitcher has been unlucky, expect improvement, a signal pointing the other way that could still flip this total.",pitcher_hittable:OVER:1|era_gap_unlucky:UNDER:2|bullpen_poor:OVER:2,10.55,0.420,0.26,KXMLBTOTAL-26JUL251910COLMIL-12,0.99,73.0
2026-07-26,Atlanta Braves @ Baltimore Orioles,NEUTRAL,,PRIME TARGET,9.5,OVER,+129,,UNDER,MISS,-10,"Away's Reynaldo López has been hittable at 4.89 xERA (3.95 ERA), opening the door for more runs.",Model projects 9.86 runs — P(OVER 9.5) = 53.2% vs market cost 43.7% including fees.,"Biggest risk: Away elite bullpen quality, a signal pointing the other way that could still flip this total.",,,0.532,0.42,,,
2026-07-26,Chicago Cubs @ Pittsburgh Pirates,NEUTRAL,,PRIME TARGET,9.5,OVER,+129,,OVER,HIT,12.9,"Away's Jameson Taillon has been hittable at 5.43 xERA (5.38 ERA), opening the door for more runs.",Model projects 10.41 runs — P(OVER 9.5) = 57.7% vs market cost 43.7% including fees.,"Biggest risk: confidence is only MEDIUM, meaning fewer signals lined up behind this call than an ideal setup.",,,0.577,0.42,,,
2026-07-26,Cincinnati Reds @ St. Louis Cardinals,LEAN OVER,,PRIME TARGET,9.5,OVER,+140,,UNDER,MISS,-10,"Home's Kyle Leahy has been hittable at 5.26 xERA (3.59 ERA), opening the door for more runs.",Model projects 9.99 runs — P(OVER 9.5) = 54.3% vs market cost 41.7% including fees.,"Biggest risk: confidence is only MEDIUM, meaning fewer signals lined up behind this call than an ideal setup.",,,0.543,0.4,,,
2026-07-26,Colorado Rockies @ Milwaukee Brewers,DOME — NEUTRAL,,PRIME TARGET,9.5,OVER,+189,,OVER,HIT,18.9,"Away's Kyle Freeland has been hittable at 5.65 xERA (7.28 ERA), opening the door for more runs.",Model projects 9.44 runs — P(OVER 9.5) = 49.5% vs market cost 34.5% including fees.,"Biggest risk: Home pitcher xERA 2.02 (ERA 1.57) — elite, suppresses scoring, a signal pointing the other way that could still flip this total.",,,0.495,0.33,,,
2026-07-26,Houston Astros @ Chicago White Sox,LEAN OVER,,PRIME TARGET,11.5,OVER,+229,,OVER,HIT,22.9,"Away's Ronel Blanco has been hittable at 6.76 xERA (7.71 ERA), opening the door for more runs.",Model projects 11.52 runs — P(OVER 11.5) = 50.2% vs market cost 30.4% including fees.,"Biggest risk: no clear counter-signal fired, but a single bad bullpen inning or late weather shift could still flip a total this close.",,,0.502,0.29,,,
2026-07-26,Los Angeles Dodgers @ New York Mets,NEUTRAL,,PRIME TARGET,6.5,UNDER,+266,,OVER,MISS,-10,No single dominant signal — the call comes from the runs projection.,Model projects 7.41 runs — P(UNDER 6.5) = 40.9% vs market cost 27.3% including fees.,"Biggest risk: confidence is only LOW, meaning fewer signals lined up behind this call than an ideal setup.",,,0.409,0.26,,,
2026-07-27,Atlanta Braves @ New York Mets,NEUTRAL,,PRIME TARGET,9.5,OVER,+129,,OVER,HIT,12.9,No single dominant signal — the call comes from the runs projection.,Model projects 9.73 runs — P(OVER 9.5) = 52.0% vs market cost 43.7% including fees.,"Biggest risk: Away elite bullpen quality, a signal pointing the other way that could still flip this total.",,,0.52,0.42,,,
2026-07-27,Baltimore Orioles @ Detroit Tigers,NEUTRAL,,PRIME TARGET,8.5,UNDER,-112,,OVER,MISS,-10,"Home's Keider Montero has been excellent at 3.38 xERA (3.14 ERA), keeping the lid on scoring.",Model projects 7.01 runs — P(UNDER 8.5) = 65.1% vs market cost 52.7% including fees.,"Biggest risk: confidence is only MEDIUM, meaning fewer signals lined up behind this call than an ideal setup.",,,0.651,0.51,,,
2026-07-27,Boston Red Sox @ Athletics,NEUTRAL,,PRIME TARGET,8.5,UNDER,+140,,UNDER,HIT,14,"Away's Payton Tolle has been excellent at 2.93 xERA (3.31 ERA), keeping the lid on scoring.",Model projects 7.88 runs — P(UNDER 8.5) = 56.0% vs market cost 41.7% including fees.,"Biggest risk: Home poor bullpen quality — late innings vulnerable, a signal pointing the other way that could still flip this total.",,,0.56,0.4,,,
2026-07-27,Chicago Cubs @ St. Louis Cardinals,OVER,,PRIME TARGET,9.5,OVER,-107,,OVER,HIT,9.35,"Away's David Peterson has been hittable at 5.23 xERA (5.97 ERA), opening the door for more runs.",Model projects 11.05 runs — P(OVER 9.5) = 62.6% vs market cost 51.7% including fees.,"Biggest risk: no clear counter-signal fired, but a single bad bullpen inning or late weather shift could still flip a total this close.",,,0.626,0.5,,,
2026-07-27,Houston Astros @ Los Angeles Angels,NEUTRAL,,PRIME TARGET,8.5,UNDER,-103,,OVER,MISS,-10,"Home's Walbert Ureña has been excellent at 3.28 xERA (2.78 ERA), keeping the lid on scoring.",Model projects 7.49 runs — P(UNDER 8.5) = 60.0% vs market cost 50.7% including fees.,"Biggest risk: Away pitcher xERA 4.89 (ERA 5.59) — hittable, over lean, a signal pointing the other way that could still flip this total.",,,0.6,0.49,,,
2026-07-27,Philadelphia Phillies @ Miami Marlins,NEUTRAL,,PRIME TARGET,8.5,UNDER,+280,,OVER,MISS,-10,"Away's Zack Wheeler has been excellent at 2.60 xERA (2.32 ERA), keeping the lid on scoring.",Model projects 8.36 runs — P(UNDER 8.5) = 51.3% vs market cost 26.3% including fees.,"Biggest risk: Home pitcher xERA 4.76 (ERA 3.70) — hittable, over lean, a signal pointing the other way that could still flip this total.",,,0.513,0.25,,,
2026-07-27,Toronto Blue Jays @ Washington Nationals,NEUTRAL,,PRIME TARGET,11.5,OVER,+166,,UNDER,MISS,-10,"Away's Max Scherzer has been hittable at 6.31 xERA (10.23 ERA), opening the door for more runs.",Model projects 11.67 runs — P(OVER 11.5) = 51.4% vs market cost 37.6% including fees.,"Biggest risk: Away ERA-xERA gap — pitcher has been unlucky, expect improvement, a signal pointing the other way that could still flip this total.",,,0.514,0.36,,,
2026-07-28,Baltimore Orioles @ Detroit Tigers,NEUTRAL,,PRIME TARGET,8.5,UNDER,+181,,OVER,MISS,-10,"Home's Troy Melton has been excellent at 3.21 xERA (1.92 ERA), keeping the lid on scoring.",Model projects 8.98 runs — P(UNDER 8.5) = 45.6% vs market cost 35.6% including fees.,"Biggest risk: Home ERA-xERA gap — pitcher has been lucky, regression risk, a signal pointing the other way that could still flip this total.",,,0.456,0.34,,,
2026-07-28,Boston Red Sox @ Athletics,NEUTRAL,,PRIME TARGET,8.5,UNDER,+152,,UNDER,HIT,15.2,"Away's Jake Bennett has been excellent at 3.16 xERA (2.58 ERA), keeping the lid on scoring.",Model projects 7.93 runs — P(UNDER 8.5) = 55.5% vs market cost 39.6% including fees.,"Biggest risk: Home poor bullpen quality — late innings vulnerable, a signal pointing the other way that could still flip this total.",,,0.555,0.38,,,
2026-07-28,Chicago Cubs @ St. Louis Cardinals,NEUTRAL,,PRIME TARGET,9.5,OVER,+124,,OVER,HIT,12.4,"Away's Colin Rea has been hittable at 5.59 xERA (4.85 ERA), opening the door for more runs.",Model projects 10.05 runs — P(OVER 9.5) = 54.7% vs market cost 44.7% including fees.,"Biggest risk: confidence is only MEDIUM, meaning fewer signals lined up behind this call than an ideal setup.",,,0.547,0.43,,,
2026-07-28,Colorado Rockies @ San Diego Padres,NEUTRAL,,PRIME TARGET,9.5,OVER,+159,,OVER,HIT,15.9,"Away's Michael Lorenzen has been hittable at 5.66 xERA (6.53 ERA), opening the door for more runs.",Model projects 10.04 runs — P(OVER 9.5) = 54.6% vs market cost 38.6% including fees.,"Biggest risk: Pitcher-friendly park (factor 0.93), a signal pointing the other way that could still flip this total.",,,0.546,0.37,,,
2026-07-28,Houston Astros @ Los Angeles Angels,LEAN UNDER,,PRIME TARGET,8.5,UNDER,-116,,UNDER,HIT,8.62,"Away's Peter Lambert has been excellent at 3.48 xERA (3.03 ERA), keeping the lid on scoring.",Model projects 6.54 runs — P(UNDER 8.5) = 70.2% vs market cost 53.7% including fees.,"Biggest risk: wind at this park is medium-reliability, so the forecast behind this call may not match what actually happens in-stadium.",,,0.702,0.52,,,
2026-07-28,Kansas City Royals @ Minnesota Twins,LEAN OVER,,PRIME TARGET,9.5,OVER,+114,,UNDER,MISS,-10,"Away's Seth Lugo has been hittable at 5.44 xERA (4.36 ERA), opening the door for more runs.",Model projects 10.44 runs — P(OVER 9.5) = 58.0% vs market cost 46.7% including fees.,"Biggest risk: wind at this park is medium-reliability, so the forecast behind this call may not match what actually happens in-stadium.",,,0.58,0.45,,,
2026-07-28,Milwaukee Brewers @ San Francisco Giants,UNDER,,PRIME TARGET,6.5,UNDER,+140,,OVER,MISS,-10,"Away's Logan Henderson has been excellent at 2.88 xERA (3.05 ERA), keeping the lid on scoring.",Model projects 6.51 runs — P(UNDER 6.5) = 49.9% vs market cost 41.7% including fees.,"Biggest risk: wind at this park is medium-reliability, so the forecast behind this call may not match what actually happens in-stadium.",,,0.499,0.4,,,
2026-07-28,Seattle Mariners @ Los Angeles Dodgers,NEUTRAL,,PRIME TARGET,8.5,UNDER,+129,,OVER,MISS,-10,"Seattle Mariners's lineup has been cold, with a 0.640 OPS over the last 15 games and 0.650 on the season.",Model projects 7.46 runs — P(UNDER 8.5) = 60.4% vs market cost 43.7% including fees.,"Biggest risk: wind at this park is low-reliability, so the forecast behind this call may not match what actually happens in-stadium.",,,0.604,0.42,,,
2026-07-28,Texas Rangers @ Tampa Bay Rays,DOME — LEAN OVER,,PRIME TARGET,9.5,OVER,+173,,UNDER,MISS,-10,"Home's Griffin Jax has been hittable at 5.06 xERA (3.89 ERA), opening the door for more runs.",Model projects 9.17 runs — P(OVER 9.5) = 47.0% vs market cost 36.6% including fees.,"Biggest risk: confidence is only MEDIUM, meaning fewer signals lined up behind this call than an ideal setup.",,,0.47,0.35,,,
2026-07-29,Atlanta Braves @ New York Mets (Game 1),NEUTRAL,,PRIME TARGET,9.5,OVER,+159,,UNDER,MISS,-10,No single dominant signal — the call comes from the runs projection.,Model projects 9.89 runs — P(OVER 9.5) = 53.4% vs market cost 38.6% including fees.,"Biggest risk: confidence is only LOW, meaning fewer signals lined up behind this call than an ideal setup.",,,0.534,0.37,,,
2026-07-29,Baltimore Orioles @ Detroit Tigers,NEUTRAL,,PRIME TARGET,8.5,OVER,+140,,OVER,HIT,14,"Detroit Tigers's lineup has been hot, with a 0.861 OPS over the last 15 games and 0.870 on the season.",Model projects 8.84 runs — P(OVER 8.5) = 53.2% vs market cost 41.7% including fees.,"Biggest risk: Wind IN at 14mph N — mild suppression, a signal pointing the other way that could still flip this total.",,,0.532,0.4,,,
2026-07-29,Boston Red Sox @ Athletics,NEUTRAL,,PRIME TARGET,8.5,UNDER,+181,,UNDER,HIT,18.1,No single dominant signal — the call comes from the runs projection.,Model projects 8.21 runs — P(UNDER 8.5) = 52.8% vs market cost 35.6% including fees.,"Biggest risk: Home poor bullpen quality — late innings vulnerable, a signal pointing the other way that could still flip this total.",,,0.528,0.34,,,
2026-07-29,Chicago Cubs @ St. Louis Cardinals,NEUTRAL,,PRIME TARGET,8.5,OVER,+119,,UNDER,MISS,-10,No single dominant signal — the call comes from the runs projection.,Model projects 8.94 runs — P(OVER 8.5) = 54.1% vs market cost 45.7% including fees.,"Biggest risk: confidence is only LOW, meaning fewer signals lined up behind this call than an ideal setup.",,,0.541,0.44,,,
2026-07-29,Houston Astros @ Los Angeles Angels,NEUTRAL,,PRIME TARGET,9.5,OVER,-112,,OVER,HIT,8.93,"Home's Grayson Rodriguez has been hittable at 7.82 xERA (8.54 ERA), opening the door for more runs.",Model projects 10.86 runs — P(OVER 9.5) = 61.2% vs market cost 52.7% including fees.,"Biggest risk: wind at this park is medium-reliability, so the forecast behind this call may not match what actually happens in-stadium.",,,0.612,0.51,,,
2026-07-29,Philadelphia Phillies @ Miami Marlins,NEUTRAL,,PRIME TARGET,9.5,OVER,+198,,OVER,HIT,19.8,"Philadelphia Phillies's lineup has been hot, with a 0.790 OPS over the last 15 games and 0.822 on the season.",Model projects 9.37 runs — P(OVER 9.5) = 48.9% vs market cost 33.5% including fees.,"Biggest risk: Away pitcher xERA 2.86 (ERA 3.31) — solid, mild under lean, a signal pointing the other way that could still flip this total.",,,0.489,0.32,,,
2026-07-29,Seattle Mariners @ Los Angeles Dodgers,LEAN OVER,,PRIME TARGET,10.5,UNDER,-148,,UNDER,HIT,6.76,No single dominant signal — the call comes from the runs projection.,Model projects 8.53 runs — P(UNDER 10.5) = 67.9% vs market cost 59.7% including fees.,"Biggest risk: Home pitcher xERA 4.96 (ERA 4.83) — hittable, over lean, a signal pointing the other way that could still flip this total.",,,0.679,0.58,,,
2026-07-29,Texas Rangers @ Tampa Bay Rays,DOME — NEUTRAL,,PRIME TARGET,7.5,OVER,-107,,UNDER,MISS,-10,"Home's Casey Legumina has been hittable at 4.83 xERA (3.95 ERA), opening the door for more runs.",Model projects 8.86 runs — P(OVER 7.5) = 62.3% vs market cost 51.7% including fees.,"Biggest risk: confidence is only MEDIUM, meaning fewer signals lined up behind this call than an ideal setup.",,,0.623,0.5,,,
2026-07-30,Seattle Mariners @ Los Angeles Dodgers,NEUTRAL,,PRIME TARGET,6.5,UNDER,+240,,OVER,MISS,-10,No single dominant signal — the call comes from the runs projection.,Model projects 7.57 runs — P(UNDER 6.5) = 39.5% vs market cost 29.4% including fees.,"Biggest risk: wind at this park is low-reliability, so the forecast behind this call may not match what actually happens in-stadium.",,,0.395,0.28,,,
2026-07-30,Texas Rangers @ Tampa Bay Rays,DOME — NEUTRAL,,PRIME TARGET,9.5,OVER,+198,,UNDER,MISS,-10,"Away's Cole Winn has been hittable at 4.95 xERA (6.11 ERA), opening the door for more runs.",Model projects 8.81 runs — P(OVER 9.5) = 43.6% vs market cost 33.5% including fees.,"Biggest risk: Away ERA-xERA gap — pitcher has been unlucky, expect improvement, a signal pointing the other way that could still flip this total.",,,0.436,0.32,,,
2026-07-30,Washington Nationals @ Atlanta Braves,NEUTRAL,,PRIME TARGET,11.5,OVER,+173,,UNDER,MISS,-10,"Away's Jake Irvin has been hittable at 5.25 xERA (5.23 ERA), opening the door for more runs.",Model projects 10.86 runs — P(OVER 11.5) = 44.6% vs market cost 36.6% including fees.,"Biggest risk: Wind IN at 10mph NW — mild suppression, a signal pointing the other way that could still flip this total.",,,0.446,0.35,,,
2026-07-31,Boston Red Sox @ Los Angeles Dodgers,LEAN UNDER,,PRIME TARGET,8.5,UNDER,-116,,OVER,MISS,-10,"Home's Edgardo Henriquez has been excellent at 2.69 xERA (2.79 ERA), keeping the lid on scoring.",Model projects 7.02 runs — P(UNDER 8.5) = 65.0% vs market cost 53.7% including fees.,"Biggest risk: wind at this park is low-reliability, so the forecast behind this call may not match what actually happens in-stadium.",,,0.65,0.52,,,
2026-07-31,Kansas City Royals @ Colorado Rockies,OVER,,PRIME TARGET,11.5,OVER,+109,,UNDER,MISS,-10,"Home's Tomoyuki Sugano has been hittable at 7.27 xERA (4.69 ERA), opening the door for more runs.",Model projects 12.56 runs — P(OVER 11.5) = 58.2% vs market cost 47.7% including fees.,"Biggest risk: no clear counter-signal fired, but a single bad bullpen inning or late weather shift could still flip a total this close.",,,0.582,0.46,,,
2026-07-31,Pittsburgh Pirates @ Cincinnati Reds,NEUTRAL,,PRIME TARGET,8.5,UNDER,+456,,OVER,MISS,-10,"Away's Paul Skenes has been excellent at 2.82 xERA (3.74 ERA), keeping the lid on scoring.",Model projects 9.76 runs — P(UNDER 8.5) = 39.0% vs market cost 18.0% including fees.,"Biggest risk: Hitter-friendly park (factor 1.12), a signal pointing the other way that could still flip this total.",,,0.39,0.17,,,
2026-07-31,Texas Rangers @ Houston Astros,NEUTRAL,,PRIME TARGET,9.5,OVER,+198,,OVER,HIT,19.8,No single dominant signal — the call comes from the runs projection.,Model projects 8.97 runs — P(OVER 9.5) = 45.1% vs market cost 33.5% including fees.,"Biggest risk: wind at this park is low-reliability, so the forecast behind this call may not match what actually happens in-stadium.",,,0.451,0.32,,,
2026-07-31,Washington Nationals @ Atlanta Braves,NEUTRAL,,PRIME TARGET,9.5,OVER,+114,,UNDER,MISS,-10,No single dominant signal — the call comes from the runs projection.,Model projects 10.35 runs — P(OVER 9.5) = 57.3% vs market cost 46.7% including fees.,"Biggest risk: Home elite bullpen quality, a signal pointing the other way that could still flip this total.",,,0.573,0.45,,,
2026-08-01,Chicago White Sox @ Tampa Bay Rays,DOME — LEAN UNDER,,PRIME TARGET,6.5,UNDER,+166,,UNDER,HIT,16.6,"Away's Jordan Hicks has been excellent at 3.09 xERA (3.19 ERA), keeping the lid on scoring.",Model projects 6.24 runs — P(UNDER 6.5) = 52.8% vs market cost 37.6% including fees.,"Biggest risk: no clear counter-signal fired, but a single bad bullpen inning or late weather shift could still flip a total this close.",,,0.528,0.36,,,
2026-08-01,Miami Marlins @ New York Mets,NEUTRAL,,PRIME TARGET,9.5,OVER,+119,,UNDER,MISS,-10,No single dominant signal — the call comes from the runs projection.,Model projects 10.28 runs — P(OVER 9.5) = 56.6% vs market cost 45.7% including fees.,"Biggest risk: confidence is only LOW, meaning fewer signals lined up behind this call than an ideal setup.",,,0.566,0.44,,,
2026-08-01,St. Louis Cardinals @ Toronto Blue Jays,DOME — NEUTRAL,,PRIME TARGET,6.5,UNDER,+198,,UNDER,HIT,19.8,No single dominant signal — the call comes from the runs projection.,Model projects 7.22 runs — P(UNDER 6.5) = 42.6% vs market cost 33.5% including fees.,"Biggest risk: confidence is only LOW, meaning fewer signals lined up behind this call than an ideal setup.",,,0.426,0.32,,,
2026-08-01,Washington Nationals @ Atlanta Braves,NEUTRAL,,PRIME TARGET,9.5,OVER,+101,,OVER,HIT,10.1,"Away's Miles Mikolas has been hittable at 5.20 xERA (5.65 ERA), opening the door for more runs.",Model projects 10.93 runs — P(OVER 9.5) = 61.7% vs market cost 49.7% including fees.,"Biggest risk: Home elite bullpen quality, a signal pointing the other way that could still flip this total.",,,0.617,0.48,,,
2026-08-02,Chicago White Sox @ Tampa Bay Rays,DOME — NEUTRAL,,PRIME TARGET,8.5,OVER,+140,,OVER,HIT,14,"Away's Anthony Kay has been hittable at 5.13 xERA (4.25 ERA), opening the door for more runs.",Model projects 9.01 runs — P(OVER 8.5) = 54.7% vs market cost 41.7% including fees.,"Biggest risk: confidence is only MEDIUM, meaning fewer signals lined up behind this call than an ideal setup.",,,0.547,0.4,,,
2026-08-02,Kansas City Royals @ Colorado Rockies,STRONG OVER,,PRIME TARGET,13.5,OVER,+166,,UNDER,MISS,-10,"Away's Seth Lugo has been hittable at 5.38 xERA (4.22 ERA), opening the door for more runs.",Model projects 13.13 runs — P(OVER 13.5) = 47.2% vs market cost 37.6% including fees.,"Biggest risk: Home ERA-xERA gap — pitcher has been unlucky, expect improvement, a signal pointing the other way that could still flip this total.",,,0.472,0.36,,,
2026-08-02,Milwaukee Brewers @ Los Angeles Angels,LEAN UNDER,,PRIME TARGET,8.5,UNDER,-148,,UNDER,HIT,6.76,"Away's Jacob Misiorowski has been excellent at 1.96 xERA (1.58 ERA), keeping the lid on scoring.",Model projects 6.67 runs — P(UNDER 8.5) = 68.8% vs market cost 59.7% including fees.,"Biggest risk: wind at this park is medium-reliability, so the forecast behind this call may not match what actually happens in-stadium.",,,0.688,0.58,,,
2026-08-02,New York Yankees @ Chicago Cubs,NEUTRAL,,PRIME TARGET,7.5,OVER,+146,,UNDER,MISS,-10,"Home's Colin Rea has been hittable at 5.52 xERA (4.67 ERA), opening the door for more runs.",Model projects 8.19 runs — P(OVER 7.5) = 56.6% vs market cost 40.7% including fees.,"Biggest risk: Away pitcher xERA 3.28 (ERA 3.57) — solid, mild under lean, a signal pointing the other way that could still flip this total.",,,0.566,0.39,,,
2026-08-02,Pittsburgh Pirates @ Cincinnati Reds,NEUTRAL,,PRIME TARGET,9.5,OVER,+134,,OVER,HIT,13.4,"Away's Mitch Keller has been hittable at 5.10 xERA (4.83 ERA), opening the door for more runs.",Model projects 9.58 runs — P(OVER 9.5) = 50.7% vs market cost 42.7% including fees.,"Biggest risk: Home pitcher xERA 3.19 (ERA 2.40) — solid, mild under lean, a signal pointing the other way that could still flip this total.",,,0.507,0.41,,,
2026-08-02,Washington Nationals @ Atlanta Braves,NEUTRAL,,PRIME TARGET,9.5,OVER,+129,,UNDER,MISS,-10,"Home's JR Ritchie has been hittable at 4.80 xERA (4.50 ERA), opening the door for more runs.",Model projects 10.29 runs — P(OVER 9.5) = 56.7% vs market cost 43.7% including fees.,"Biggest risk: Wind IN at 10mph SW — mild suppression, a signal pointing the other way that could still flip this total.",,,0.567,0.42,,,
2026-08-03,Los Angeles Dodgers @ Chicago Cubs,NEUTRAL,,PRIME TARGET,9.5,OVER,+173,,OVER,HIT,17.3,No single dominant signal — the call comes from the runs projection.,Model projects 9.48 runs — P(OVER 9.5) = 49.8% vs market cost 36.6% including fees.,"Biggest risk: wind at this park is low-reliability, so the forecast behind this call may not match what actually happens in-stadium.",,,0.498,0.35,,,
2026-08-03,Pittsburgh Pirates @ Milwaukee Brewers,DOME — NEUTRAL,,PRIME TARGET,9.5,OVER,+152,,UNDER,MISS,-10,"Home's Brandon Sproat has been hittable at 4.86 xERA (5.05 ERA), opening the door for more runs.",Model projects 9.79 runs — P(OVER 9.5) = 52.6% vs market cost 39.6% including fees.,"Biggest risk: Home elite bullpen quality, a signal pointing the other way that could still flip this total.",,,0.526,0.38,,,
2026-08-03,San Francisco Giants @ Texas Rangers,DOME — NEUTRAL,,PRIME TARGET,8.5,UNDER,-126,,UNDER,HIT,7.94,"Texas Rangers's lineup has been cold, with a 0.656 OPS over the last 15 games and 0.655 on the season.",Model projects 7.01 runs — P(UNDER 8.5) = 65.1% vs market cost 55.7% including fees.,"Biggest risk: confidence is only LOW, meaning fewer signals lined up behind this call than an ideal setup.",,,0.651,0.54,,,
2026-08-03,Toronto Blue Jays @ Houston Astros,LEAN OVER,,PRIME TARGET,9.5,OVER,+109,,UNDER,MISS,-10,"Away's Shane Bieber has been hittable at 7.53 xERA (5.74 ERA), opening the door for more runs.",Model projects 10.79 runs — P(OVER 9.5) = 60.6% vs market cost 47.7% including fees.,"Biggest risk: Home ERA-xERA gap — pitcher has been unlucky, expect improvement, a signal pointing the other way that could still flip this total.",,,0.606,0.46,,,
2026-08-03,Washington Nationals @ Philadelphia Phillies,NEUTRAL,,PRIME TARGET,9.5,OVER,+114,,UNDER,MISS,-10,No single dominant signal — the call comes from the runs projection.,Model projects 10.51 runs — P(OVER 9.5) = 58.5% vs market cost 46.7% including fees.,"Biggest risk: Home ERA-xERA gap — pitcher has been unlucky, expect improvement, a signal pointing the other way that could still flip this total.",,,0.585,0.45,,,
2026-08-04,Detroit Tigers @ Seattle Mariners,NEUTRAL,,PRIME TARGET,8.5,OVER,+134,,UNDER,MISS,-10,"Detroit Tigers's lineup has been hot, with a 0.899 OPS over the last 15 games and 0.816 on the season.",Model projects 9.29 runs — P(OVER 8.5) = 57.1% vs market cost 42.7% including fees.,"Biggest risk: wind at this park is medium-reliability, so the forecast behind this call may not match what actually happens in-stadium.",,,0.571,0.41,,,
2026-08-04,Los Angeles Angels @ Baltimore Orioles,NEUTRAL,,PRIME TARGET,9.5,OVER,+114,,UNDER,MISS,-10,"Away's Grayson Rodriguez has been hittable at 7.93 xERA (7.98 ERA), opening the door for more runs.",Model projects 10.49 runs — P(OVER 9.5) = 58.3% vs market cost 46.7% including fees.,"Biggest risk: Away lineup cold — recent OPS 0.583 and season OPS 0.656 agree, a signal pointing the other way that could still flip this total.",,,0.583,0.45,,,
2026-08-04,Los Angeles Dodgers @ Chicago Cubs,NEUTRAL,,PRIME TARGET,8.5,UNDER,+119,,UNDER,HIT,11.9,"Away's Tarik Skubal has been excellent at 2.98 xERA (2.79 ERA), keeping the lid on scoring.",Model projects 7.76 runs — P(UNDER 8.5) = 57.2% vs market cost 45.7% including fees.,"Biggest risk: wind at this park is low-reliability, so the forecast behind this call may not match what actually happens in-stadium.",,,0.572,0.44,,,
2026-08-04,Miami Marlins @ Atlanta Braves,NEUTRAL,,PRIME TARGET,11.5,OVER,+218,,UNDER,MISS,-10,"Home's Grant Holmes has been hittable at 4.81 xERA (3.88 ERA), opening the door for more runs.",Model projects 10.51 runs — P(OVER 11.5) = 41.6% vs market cost 31.5% including fees.,"Biggest risk: confidence is only MEDIUM, meaning fewer signals lined up behind this call than an ideal setup.",,,0.416,0.3,,,
2026-08-04,New York Mets @ Cleveland Guardians,NEUTRAL,,PRIME TARGET,7.5,OVER,+152,,OVER,HIT,15.2,No single dominant signal — the call comes from the runs projection.,Model projects 8.46 runs — P(OVER 7.5) = 59.0% vs market cost 39.6% including fees.,"Biggest risk: confidence is only LOW, meaning fewer signals lined up behind this call than an ideal setup.",,,0.59,0.38,,,
2026-08-04,San Diego Padres @ Arizona Diamondbacks,DOME — LEAN OVER,,PRIME TARGET,9.5,OVER,+119,,OVER,HIT,11.9,"Away's Randy Vásquez has been hittable at 6.49 xERA (4.45 ERA), opening the door for more runs.",Model projects 11.25 runs — P(OVER 9.5) = 64.1% vs market cost 45.7% including fees.,"Biggest risk: no clear counter-signal fired, but a single bad bullpen inning or late weather shift could still flip a total this close.",,,0.641,0.44,,,
2026-08-04,San Francisco Giants @ Texas Rangers,DOME — NEUTRAL,,PRIME TARGET,6.5,UNDER,+173,,OVER,MISS,-10,"Texas Rangers's lineup has been cold, with a 0.655 OPS over the last 15 games and 0.657 on the season.",Model projects 6.43 runs — P(UNDER 6.5) = 50.7% vs market cost 36.6% including fees.,"Biggest risk: confidence is only LOW, meaning fewer signals lined up behind this call than an ideal setup.",,,0.507,0.35,,,
2026-08-04,Tampa Bay Rays @ Colorado Rockies,NEUTRAL,,PRIME TARGET,10.5,UNDER,+114,,OVER,MISS,-10,"Home's Gabriel Hughes has been excellent at 2.33 xERA (3.33 ERA), keeping the lid on scoring.",Model projects 9.40 runs — P(UNDER 10.5) = 59.8% vs market cost 46.7% including fees.,"Biggest risk: Hitter-friendly park (factor 1.20), a signal pointing the other way that could still flip this total.",,,0.598,0.45,,,
2026-08-04,Washington Nationals @ Philadelphia Phillies,NEUTRAL,,PRIME TARGET,9.5,OVER,+124,,UNDER,MISS,-10,"Away's Zack Littell has been hittable at 6.13 xERA (4.94 ERA), opening the door for more runs.",Model projects 10.81 runs — P(OVER 9.5) = 60.8% vs market cost 44.7% including fees.,"Biggest risk: Home pitcher xERA 2.98 (ERA 3.57) — solid, mild under lean, a signal pointing the other way that could still flip this total.",,,0.608,0.43,,,
2026-08-05,Detroit Tigers @ Seattle Mariners,NEUTRAL,,PRIME TARGET,9.5,OVER,+208,,UNDER,MISS,-10,"Detroit Tigers's lineup has been hot, with a 0.962 OPS over the last 15 games and 0.888 on the season.",Model projects 9.30 runs — P(OVER 9.5) = 48.2% vs market cost 32.5% including fees.,"Biggest risk: Away pitcher xERA 3.38 (ERA 4.24) — solid, mild under lean, a signal pointing the other way that could still flip this total.",,,0.482,0.31,,,
2026-08-05,Los Angeles Angels @ Baltimore Orioles,NEUTRAL,,PRIME TARGET,7.5,OVER,+152,,UNDER,MISS,-10,No single dominant signal — the call comes from the runs projection.,Model projects 8.06 runs — P(OVER 7.5) = 55.4% vs market cost 39.6% including fees.,"Biggest risk: Away pitcher xERA 3.38 (ERA 4.00) — solid, mild under lean, a signal pointing the other way that could still flip this total.",,,0.554,0.38,,,
2026-08-05,Minnesota Twins @ Kansas City Royals,NEUTRAL,,PRIME TARGET,9.5,OVER,+134,,UNDER,MISS,-10,"Away's Dean Kremer has been hittable at 4.94 xERA (6.50 ERA), opening the door for more runs.",Model projects 10.10 runs — P(OVER 9.5) = 55.2% vs market cost 42.7% including fees.,"Biggest risk: Away ERA-xERA gap — pitcher has been unlucky, expect improvement, a signal pointing the other way that could still flip this total.",,,0.552,0.41,,,
2026-08-05,New York Mets @ Cleveland Guardians,NEUTRAL,,PRIME TARGET,7.5,OVER,+159,,OVER,HIT,15.9,No single dominant signal — the call comes from the runs projection.,Model projects 8.10 runs — P(OVER 7.5) = 55.8% vs market cost 38.6% including fees.,"Biggest risk: confidence is only LOW, meaning fewer signals lined up behind this call than an ideal setup.",,,0.558,0.37,,,
2026-08-05,San Diego Padres @ Arizona Diamondbacks,DOME — NEUTRAL,,PRIME TARGET,9.5,OVER,+146,,OVER,HIT,14.6,"Home's Mitch Bratt has been hittable at 4.90 xERA (5.23 ERA), opening the door for more runs.",Model projects 9.42 runs — P(OVER 9.5) = 49.3% vs market cost 40.7% including fees.,"Biggest risk: Away pitcher xERA 3.07 (ERA 2.70) — solid, mild under lean, a signal pointing the other way that could still flip this total.",,,0.493,0.39,,,
2026-08-05,San Francisco Giants @ Texas Rangers,DOME — LEAN OVER,,PRIME TARGET,9.5,OVER,+152,,UNDER,MISS,-10,"Away's Carson Whisenhunt has been hittable at 7.64 xERA (6.63 ERA), opening the door for more runs.",Model projects 10.47 runs — P(OVER 9.5) = 58.2% vs market cost 39.6% including fees.,"Biggest risk: confidence is only MEDIUM, meaning fewer signals lined up behind this call than an ideal setup.",,,0.582,0.38,,,
2026-08-05,St. Louis Cardinals @ New York Yankees,NEUTRAL,,PRIME TARGET,6.5,UNDER,+198,,UNDER,HIT,19.8,"St. Louis Cardinals's lineup has been cold, with a 0.615 OPS over the last 15 games and 0.616 on the season.",Model projects 7.31 runs — P(UNDER 6.5) = 41.8% vs market cost 33.5% including fees.,"Biggest risk: Hitter-friendly park (factor 1.10), a signal pointing the other way that could still flip this total.",,,0.418,0.32,,,
2026-08-05,Toronto Blue Jays @ Houston Astros,LEAN OVER,,PRIME TARGET,9.5,OVER,+159,,UNDER,MISS,-10,"Away's Jameson Taillon has been hittable at 5.86 xERA (5.92 ERA), opening the door for more runs.",Model projects 10.53 runs — P(OVER 9.5) = 58.7% vs market cost 38.6% including fees.,"Biggest risk: wind at this park is low-reliability, so the forecast behind this call may not match what actually happens in-stadium.",,,0.587,0.37,,,
2026-08-05,Washington Nationals @ Philadelphia Phillies,LEAN OVER,,PRIME TARGET,11.5,OVER,+181,,OVER,HIT,18.1,"Away's Jake Irvin has been hittable at 5.56 xERA (5.56 ERA), opening the door for more runs.",Model projects 11.64 runs — P(OVER 11.5) = 51.1% vs market cost 35.6% including fees.,"Biggest risk: Home ERA-xERA gap — pitcher has been unlucky, expect improvement, a signal pointing the other way that could still flip this total.",,,0.511,0.34,,,
2026-08-07,Atlanta Braves @ New York Yankees,LEAN UNDER,,PRIME TARGET,8.5,UNDER,-126,,UNDER,HIT,7.94,"Home's Max Fried has been excellent at 2.39 xERA (3.12 ERA), keeping the lid on scoring.",Model projects 7.10 runs — P(UNDER 8.5) = 64.2% vs market cost 55.7% including fees.,"Biggest risk: Hitter-friendly park (factor 1.10), a signal pointing the other way that could still flip this total.",,,0.642,0.54,,,
2026-08-07,Baltimore Orioles @ Texas Rangers,DOME — NEUTRAL,,PRIME TARGET,8.5,OVER,+152,,UNDER,MISS,-10,No single dominant signal — the call comes from the runs projection.,Model projects 8.66 runs — P(OVER 8.5) = 51.5% vs market cost 39.6% including fees.,"Biggest risk: confidence is only LOW, meaning fewer signals lined up behind this call than an ideal setup.",,,0.515,0.38,,,
2026-08-07,Cincinnati Reds @ Washington Nationals,NEUTRAL,,PRIME TARGET,9.5,OVER,+119,,UNDER,MISS,-10,"Away's Chase Petty has been hittable at 5.27 xERA (4.50 ERA), opening the door for more runs.",Model projects 10.10 runs — P(OVER 9.5) = 55.2% vs market cost 45.7% including fees.,"Biggest risk: Away lineup cold — recent OPS 0.635 and season OPS 0.645 agree, a signal pointing the other way that could still flip this total.",,,0.552,0.44,,,
2026-08-07,Cleveland Guardians @ Chicago White Sox,NEUTRAL,,PRIME TARGET,9.5,OVER,+181,,OVER,HIT,18.1,"Home's Noah Schultz has been hittable at 5.66 xERA (5.82 ERA), opening the door for more runs.",Model projects 9.00 runs — P(OVER 9.5) = 45.4% vs market cost 35.6% including fees.,"Biggest risk: Away pitcher xERA 3.09 (ERA 2.57) — solid, mild under lean, a signal pointing the other way that could still flip this total.",,,0.454,0.34,,,
2026-08-07,Colorado Rockies @ St. Louis Cardinals,OVER,,PRIME TARGET,9.5,OVER,+134,,UNDER,MISS,-10,"Away's Ryan Feltner has been hittable at 5.62 xERA (5.75 ERA), opening the door for more runs.",Model projects 10.08 runs — P(OVER 9.5) = 55.0% vs market cost 42.7% including fees.,"Biggest risk: Home lineup cold — recent OPS 0.596 and season OPS 0.638 agree, a signal pointing the other way that could still flip this total.",,,0.55,0.41,,,
2026-08-07,Detroit Tigers @ San Francisco Giants,NEUTRAL,,PRIME TARGET,9.5,OVER,+146,,UNDER,MISS,-10,"Detroit Tigers's lineup has been hot, with a 0.902 OPS over the last 15 games and 0.811 on the season.",Model projects 9.56 runs — P(OVER 9.5) = 50.5% vs market cost 40.7% including fees.,"Biggest risk: Pitcher-friendly park (factor 0.94), a signal pointing the other way that could still flip this total.",,,0.505,0.39,,,
2026-08-07,Houston Astros @ San Diego Padres,NEUTRAL,,PRIME TARGET,9.5,OVER,+140,,UNDER,MISS,-10,"Away's Ronel Blanco has been hittable at 4.77 xERA (7.36 ERA), opening the door for more runs.",Model projects 9.51 runs — P(OVER 9.5) = 50.1% vs market cost 41.7% including fees.,"Biggest risk: Pitcher-friendly park (factor 0.93), a signal pointing the other way that could still flip this total.",,,0.501,0.4,,,
2026-08-07,Los Angeles Dodgers @ Arizona Diamondbacks,DOME — LEAN OVER,,PRIME TARGET,10.5,OVER,+159,,UNDER,MISS,-10,"Home's Merrill Kelly has been hittable at 7.17 xERA (5.04 ERA), opening the door for more runs.",Model projects 11.52 runs — P(OVER 10.5) = 58.2% vs market cost 38.6% including fees.,"Biggest risk: confidence is only MEDIUM, meaning fewer signals lined up behind this call than an ideal setup.",,,0.582,0.37,,,
2026-08-07,New York Mets @ Pittsburgh Pirates,OVER,,PRIME TARGET,9.5,OVER,+152,,OVER,HIT,15.2,"Away's Zac Thornton has been hittable at 4.83 xERA (2.88 ERA), opening the door for more runs.",Model projects 9.78 runs — P(OVER 9.5) = 52.4% vs market cost 39.6% including fees.,"Biggest risk: no clear counter-signal fired, but a single bad bullpen inning or late weather shift could still flip a total this close.",,,0.524,0.38,,,
2026-08-08,Colorado Rockies @ St. Louis Cardinals,NEUTRAL,,PRIME TARGET,9.5,OVER,+140,,OVER,HIT,14,"Away's Kyle Freeland has been hittable at 5.23 xERA (6.81 ERA), opening the door for more runs.",Model projects 9.53 runs — P(OVER 9.5) = 50.3% vs market cost 41.7% including fees.,"Biggest risk: Away ERA-xERA gap — pitcher has been unlucky, expect improvement, a signal pointing the other way that could still flip this total.",,,0.503,0.4,,,
2026-08-09,Atlanta Braves @ New York Yankees,NEUTRAL,,PRIME TARGET,9.5,OVER,+146,,UNDER,MISS,-10,Yankee Stadium is one of the more hitter-friendly parks in MLB (factor 1.10).,Model projects 9.82 runs — P(OVER 9.5) = 52.8% vs market cost 40.7% including fees.,"Biggest risk: Home pitcher xERA 2.95 (ERA 2.26) — solid, mild under lean, a signal pointing the other way that could still flip this total.",,,0.528,0.39,,,
2026-08-09,Cincinnati Reds @ Washington Nationals,LEAN OVER,,PRIME TARGET,11.5,OVER,+198,,UNDER,MISS,-10,"Away's Brady Singer has been hittable at 4.95 xERA (4.67 ERA), opening the door for more runs.",Model projects 11.00 runs — P(OVER 11.5) = 45.9% vs market cost 33.5% including fees.,"Biggest risk: confidence is only MEDIUM, meaning fewer signals lined up behind this call than an ideal setup.",,,0.459,0.32,,,
2026-08-09,Colorado Rockies @ St. Louis Cardinals,LEAN OVER,,PRIME TARGET,9.5,OVER,+105,,OVER,HIT,10.5,"Away's Michael Lorenzen has been hittable at 5.84 xERA (6.94 ERA), opening the door for more runs.",Model projects 10.62 runs — P(OVER 9.5) = 59.4% vs market cost 48.7% including fees.,"Biggest risk: Wind IN at 12mph S — mild suppression, a signal pointing the other way that could still flip this total.",,,0.594,0.47,,,
2026-08-09,Los Angeles Angels @ Miami Marlins,NEUTRAL,,PRIME TARGET,9.5,OVER,+146,,OVER,HIT,14.6,"Away's Grayson Rodriguez has been hittable at 7.20 xERA (7.24 ERA), opening the door for more runs.",Model projects 10.47 runs — P(OVER 9.5) = 58.2% vs market cost 40.7% including fees.,"Biggest risk: wind at this park is low-reliability, so the forecast behind this call may not match what actually happens in-stadium.",,,0.582,0.39,,,
2026-08-09,Los Angeles Dodgers @ Arizona Diamondbacks,DOME — LEAN OVER,,PRIME TARGET,9.5,OVER,+124,,UNDER,MISS,-10,"Home's Eduardo Rodriguez has been hittable at 4.86 xERA (2.71 ERA), opening the door for more runs.",Model projects 10.35 runs — P(OVER 9.5) = 57.2% vs market cost 44.7% including fees.,"Biggest risk: confidence is only MEDIUM, meaning fewer signals lined up behind this call than an ideal setup.",,,0.572,0.43,,,
2026-08-09,New York Mets @ Pittsburgh Pirates,NEUTRAL,,PRIME TARGET,9.5,OVER,+159,,OVER,HIT,15.9,No single dominant signal — the call comes from the runs projection.,Model projects 9.19 runs — P(OVER 9.5) = 47.2% vs market cost 38.6% including fees.,"Biggest risk: Home pitcher xERA 3.32 (ERA 4.02) — solid, mild under lean, a signal pointing the other way that could still flip this total.",,,0.472,0.37,,,
2026-08-09,Toronto Blue Jays @ Philadelphia Phillies,NEUTRAL,,PRIME TARGET,9.5,OVER,+152,,OVER,HIT,15.2,"Away's Shane Bieber has been hittable at 7.43 xERA (5.11 ERA), opening the door for more runs.",Model projects 9.89 runs — P(OVER 9.5) = 53.4% vs market cost 39.6% including fees.,"Biggest risk: Home pitcher xERA 2.95 (ERA 3.36) — solid, mild under lean, a signal pointing the other way that could still flip this total.",,,0.534,0.38,,,
2026-08-10,Houston Astros @ San Francisco Giants,NEUTRAL,,PRIME TARGET,8.5,UNDER,-116,,OVER,MISS,-10,"Home's Blade Tidwell has been excellent at 3.30 xERA (3.18 ERA), keeping the lid on scoring.",Model projects 6.56 runs — P(UNDER 8.5) = 70.0% vs market cost 53.7% including fees.,"Biggest risk: Away pitcher xERA 5.65 (ERA 3.86) — hittable, over lean, a signal pointing the other way that could still flip this total.",,,0.7,0.52,,,
2026-08-10,Kansas City Royals @ Los Angeles Dodgers,NEUTRAL,,PRIME TARGET,7.5,OVER,+105,,OVER,HIT,10.5,No single dominant signal — the call comes from the runs projection.,Model projects 8.42 runs — P(OVER 7.5) = 58.7% vs market cost 48.7% including fees.,"Biggest risk: Home pitcher xERA 2.99 (ERA 2.81) — solid, mild under lean, a signal pointing the other way that could still flip this total.",,,0.587,0.47,,,
2026-08-10,Philadelphia Phillies @ St. Louis Cardinals,NEUTRAL,,PRIME TARGET,8.5,UNDER,+114,,OVER,MISS,-10,"St. Louis Cardinals's lineup has been cold, with a 0.603 OPS over the last 15 games and 0.644 on the season.",Model projects 7.82 runs — P(UNDER 8.5) = 56.7% vs market cost 46.7% including fees.,"Biggest risk: Away pitcher xERA 5.15 (ERA 6.48) — hittable, over lean, a signal pointing the other way that could still flip this total.",,,0.567,0.45,,,
2026-08-10,Tampa Bay Rays @ Athletics,NEUTRAL,,PRIME TARGET,8.5,UNDER,+152,,OVER,MISS,-10,No single dominant signal — the call comes from the runs projection.,Model projects 7.28 runs — P(UNDER 8.5) = 62.3% vs market cost 39.6% including fees.,"Biggest risk: Home poor bullpen quality — late innings vulnerable, a signal pointing the other way that could still flip this total.",,,0.623,0.38,,,
2026-08-10,Texas Rangers @ Los Angeles Angels,NEUTRAL,,PRIME TARGET,6.5,UNDER,+181,,UNDER,HIT,18.1,No single dominant signal — the call comes from the runs projection.,Model projects 7.05 runs — P(UNDER 6.5) = 44.3% vs market cost 35.6% including fees.,"Biggest risk: Home poor bullpen quality — late innings vulnerable, a signal pointing the other way that could still flip this total.",,,0.443,0.34,,,
2026-08-11,Chicago Cubs @ Washington Nationals,NEUTRAL,,PRIME TARGET,9.5,OVER,+114,,OVER,HIT,11.4,No single dominant signal — the call comes from the runs projection.,Model projects 10.05 runs — P(OVER 9.5) = 54.8% vs market cost 46.7% including fees.,"Biggest risk: confidence is only LOW, meaning fewer signals lined up behind this call than an ideal setup.",,,0.548,0.45,,,
2026-08-11,Cincinnati Reds @ Chicago White Sox,LEAN OVER,,PRIME TARGET,9.5,OVER,+181,,UNDER,MISS,-10,"Away's Nick Lodolo has been hittable at 6.15 xERA (4.60 ERA), opening the door for more runs.",Model projects 9.03 runs — P(OVER 9.5) = 45.7% vs market cost 35.6% including fees.,"Biggest risk: confidence is only MEDIUM, meaning fewer signals lined up behind this call than an ideal setup.",,,0.457,0.34,,,
2026-08-11,Cleveland Guardians @ Detroit Tigers,NEUTRAL,,PRIME TARGET,9.5,OVER,+166,,OVER,HIT,16.6,"Detroit Tigers's lineup has been hot, with a 0.881 OPS over the last 15 games and 0.797 on the season.",Model projects 9.21 runs — P(OVER 9.5) = 47.4% vs market cost 37.6% including fees.,"Biggest risk: Home pitcher xERA 3.40 (ERA 4.01) — solid, mild under lean, a signal pointing the other way that could still flip this total.",,,0.474,0.36,,,
2026-08-11,Colorado Rockies @ Arizona Diamondbacks,DOME — LEAN OVER,,PRIME TARGET,11.5,OVER,+198,,UNDER,MISS,-10,"Away's Tomoyuki Sugano has been hittable at 7.16 xERA (4.51 ERA), opening the door for more runs.",Model projects 11.72 runs — P(OVER 11.5) = 51.7% vs market cost 33.5% including fees.,"Biggest risk: confidence is only MEDIUM, meaning fewer signals lined up behind this call than an ideal setup.",,,0.517,0.32,,,
2026-08-11,Houston Astros @ San Francisco Giants,LEAN UNDER,,PRIME TARGET,6.5,UNDER,+173,,UNDER,HIT,17.3,Oracle Park suppresses scoring as a pitcher's park (factor 0.94).,Model projects 5.95 runs — P(UNDER 6.5) = 56.2% vs market cost 36.6% including fees.,"Biggest risk: wind at this park is medium-reliability, so the forecast behind this call may not match what actually happens in-stadium.",,,0.562,0.35,,,
2026-08-11,Philadelphia Phillies @ St. Louis Cardinals,NEUTRAL,,PRIME TARGET,7.5,OVER,-116,,UNDER,MISS,-10,No single dominant signal — the call comes from the runs projection.,Model projects 8.80 runs — P(OVER 7.5) = 61.9% vs market cost 53.7% including fees.,"Biggest risk: Away pitcher xERA 3.37 (ERA 2.65) — solid, mild under lean, a signal pointing the other way that could still flip this total.",,,0.619,0.52,,,
2026-08-11,Pittsburgh Pirates @ Miami Marlins,NEUTRAL,,PRIME TARGET,7.5,OVER,+129,,UNDER,MISS,-10,No single dominant signal — the call comes from the runs projection.,Model projects 7.86 runs — P(OVER 7.5) = 53.5% vs market cost 43.7% including fees.,"Biggest risk: Away pitcher xERA 3.01 (ERA 3.96) — solid, mild under lean, a signal pointing the other way that could still flip this total.",,,0.535,0.42,,,
2026-08-11,Tampa Bay Rays @ Athletics,NEUTRAL,,PRIME TARGET,8.5,UNDER,+173,,OVER,MISS,-10,No single dominant signal — the call comes from the runs projection.,Model projects 8.91 runs — P(UNDER 8.5) = 46.2% vs market cost 36.6% including fees.,"Biggest risk: Away ERA-xERA gap — pitcher has been lucky, regression risk, a signal pointing the other way that could still flip this total.",,,0.462,0.35,,,
2026-08-11,Texas Rangers @ Los Angeles Angels,NEUTRAL,,PRIME TARGET,8.5,UNDER,+119,,UNDER,HIT,11.9,"Away's Cody Bradford has been excellent at 3.18 xERA (0.00 ERA), keeping the lid on scoring.",Model projects 7.52 runs — P(UNDER 8.5) = 59.7% vs market cost 45.7% including fees.,"Biggest risk: Home pitcher xERA 5.73 (ERA 7.11) — hittable, over lean, a signal pointing the other way that could still flip this total.",,,0.597,0.44,,,
2026-08-12,Boston Red Sox @ Toronto Blue Jays,DOME — NEUTRAL,,PRIME TARGET,7.5,OVER,+109,,OVER,HIT,10.9,No single dominant signal — the call comes from the runs projection.,Model projects 8.23 runs — P(OVER 7.5) = 57.0% vs market cost 47.7% including fees.,"Biggest risk: Away elite bullpen quality, a signal pointing the other way that could still flip this total.",,,0.57,0.46,,,
2026-08-12,Chicago Cubs @ Washington Nationals,NEUTRAL,,PRIME TARGET,11.5,OVER,+189,,OVER,HIT,18.9,"Away's David Peterson has been hittable at 4.98 xERA (5.35 ERA), opening the door for more runs.",Model projects 11.06 runs — P(OVER 11.5) = 46.4% vs market cost 34.5% including fees.,"Biggest risk: confidence is only MEDIUM, meaning fewer signals lined up behind this call than an ideal setup.",,,0.464,0.33,,,
2026-08-12,Cleveland Guardians @ Detroit Tigers,NEUTRAL,,PRIME TARGET,9.5,OVER,+166,,OVER,HIT,16.6,"Detroit Tigers's lineup has been hot, with a 0.890 OPS over the last 15 games and 0.791 on the season.",Model projects 9.56 runs — P(OVER 9.5) = 50.5% vs market cost 37.6% including fees.,"Biggest risk: Home elite bullpen quality, a signal pointing the other way that could still flip this total.",,,0.505,0.36,,,
2026-08-12,Houston Astros @ San Francisco Giants,NEUTRAL,,PRIME TARGET,8.5,UNDER,-116,,UNDER,HIT,8.62,Oracle Park suppresses scoring as a pitcher's park (factor 0.94).,Model projects 6.72 runs — P(UNDER 8.5) = 68.2% vs market cost 53.7% including fees.,"Biggest risk: Home pitcher xERA 5.08 (ERA 4.55) — hittable, over lean, a signal pointing the other way that could still flip this total.",,,0.682,0.52,,,
2026-08-12,Pittsburgh Pirates @ Miami Marlins,LEAN OVER,,PRIME TARGET,9.5,OVER,+208,,OVER,HIT,20.8,"Away's Carmen Mlodzinski has been hittable at 4.95 xERA (3.48 ERA), opening the door for more runs.",Model projects 9.16 runs — P(OVER 9.5) = 46.9% vs market cost 32.5% including fees.,"Biggest risk: wind at this park is low-reliability, so the forecast behind this call may not match what actually happens in-stadium.",,,0.469,0.31,,,
2026-08-12,Tampa Bay Rays @ Athletics,NEUTRAL,,PRIME TARGET,8.5,UNDER,+129,,OVER,MISS,-10,"Away's Drew Rasmussen has been excellent at 3.06 xERA (2.75 ERA), keeping the lid on scoring.",Model projects 8.23 runs — P(UNDER 8.5) = 52.6% vs market cost 43.7% including fees.,"Biggest risk: Home poor bullpen quality — late innings vulnerable, a signal pointing the other way that could still flip this total.",,,0.526,0.42,,,
2026-08-13,Chicago Cubs @ Washington Nationals,NEUTRAL,,PRIME TARGET,9.5,OVER,+129,,UNDER,MISS,-10,"Washington Nationals's lineup has been hot, with a 0.815 OPS over the last 15 games and 0.792 on the season.",Model projects 10.44 runs — P(OVER 9.5) = 57.9% vs market cost 43.7% including fees.,"Biggest risk: confidence is only LOW, meaning fewer signals lined up behind this call than an ideal setup.",,,0.579,0.42,,,
2026-08-13,Pittsburgh Pirates @ Miami Marlins,NEUTRAL,,PRIME TARGET,9.5,OVER,+166,,OVER,HIT,16.6,"Home's Tyler Phillips has been hittable at 4.95 xERA (3.47 ERA), opening the door for more runs.",Model projects 9.51 runs — P(OVER 9.5) = 50.1% vs market cost 37.6% including fees.,"Biggest risk: Away pitcher xERA 3.44 (ERA 4.08) — solid, mild under lean, a signal pointing the other way that could still flip this total.",,,0.501,0.36,,,
2026-08-13,Texas Rangers @ Los Angeles Angels,NEUTRAL,,PRIME TARGET,6.5,UNDER,+146,,OVER,MISS,-10,"Home's Walbert Ureña has been excellent at 3.39 xERA (2.83 ERA), keeping the lid on scoring.",Model projects 5.76 runs — P(UNDER 6.5) = 58.5% vs market cost 40.7% including fees.,"Biggest risk: Home poor bullpen quality — late innings vulnerable, a signal pointing the other way that could still flip this total.",,,0.585,0.39,,,
2026-08-14,Baltimore Orioles @ Tampa Bay Rays,DOME — LEAN OVER,,PRIME TARGET,9.5,OVER,+166,,OVER,HIT,16.6,"Away's Chris Bassitt has been hittable at 5.08 xERA (5.27 ERA), opening the door for more runs.",Model projects 9.85 runs — P(OVER 9.5) = 53.0% vs market cost 37.6% including fees.,"Biggest risk: no clear counter-signal fired, but a single bad bullpen inning or late weather shift could still flip a total this close.",,,0.53,0.36,,,
2026-08-14,Boston Red Sox @ Pittsburgh Pirates,NEUTRAL,,PRIME TARGET,7.5,OVER,+152,,OVER,HIT,15.2,No single dominant signal — the call comes from the runs projection.,Model projects 8.73 runs — P(OVER 7.5) = 61.3% vs market cost 39.6% including fees.,"Biggest risk: Away pitcher xERA 3.06 (ERA 3.13) — solid, mild under lean, a signal pointing the other way that could still flip this total.",,,0.613,0.38,,,
2026-08-14,Kansas City Royals @ Los Angeles Angels,LEAN OVER,,PRIME TARGET,11.5,OVER,+296,,OVER,HIT,29.6,"Away's Seth Lugo has been hittable at 5.26 xERA (4.41 ERA), opening the door for more runs.",Model projects 9.59 runs — P(OVER 11.5) = 33.5% vs market cost 25.3% including fees.,"Biggest risk: wind at this park is medium-reliability, so the forecast behind this call may not match what actually happens in-stadium.",,,0.335,0.24,,,
2026-08-14,New York Yankees @ Toronto Blue Jays,DOME — NEUTRAL,,PRIME TARGET,9.5,OVER,+181,,UNDER,MISS,-10,"Home's Shane Bieber has been hittable at 7.24 xERA (5.48 ERA), opening the door for more runs.",Model projects 9.15 runs — P(OVER 9.5) = 46.8% vs market cost 35.6% including fees.,"Biggest risk: Away pitcher xERA 3.44 (ERA 3.35) — solid, mild under lean, a signal pointing the other way that could still flip this total.",,,0.468,0.34,,,
2026-08-14,San Diego Padres @ Cleveland Guardians,NEUTRAL,,PRIME TARGET,7.5,OVER,+119,,OVER,HIT,11.9,No single dominant signal — the call comes from the runs projection.,Model projects 8.45 runs — P(OVER 7.5) = 58.9% vs market cost 45.7% including fees.,"Biggest risk: confidence is only LOW, meaning fewer signals lined up behind this call than an ideal setup.",,,0.589,0.44,,,
2026-08-14,Texas Rangers @ Athletics,NEUTRAL,,PRIME TARGET,8.5,UNDER,+134,,OVER,MISS,-10,"Texas Rangers's lineup has been cold, with a 0.552 OPS over the last 15 games and 0.646 on the season.",Model projects 7.26 runs — P(UNDER 8.5) = 62.4% vs market cost 42.7% including fees.,"Biggest risk: Home poor bullpen quality — late innings vulnerable, a signal pointing the other way that could still flip this total.",,,0.624,0.41,,,
2026-08-15,Chicago White Sox @ Detroit Tigers,LEAN OVER,,PRIME TARGET,9.5,OVER,+181,,UNDER,MISS,-10,"Away's Anthony Kay has been hittable at 5.08 xERA (3.97 ERA), opening the door for more runs.",Model projects 10.31 runs — P(OVER 9.5) = 56.9% vs market cost 35.6% including fees.,"Biggest risk: Home pitcher xERA 3.06 (ERA 1.53) — solid, mild under lean, a signal pointing the other way that could still flip this total.",,,0.569,0.34,,,
2026-08-15,Colorado Rockies @ San Francisco Giants,NEUTRAL,,PRIME TARGET,9.5,OVER,+189,,UNDER,MISS,-10,"Away's Michael Lorenzen has been hittable at 6.10 xERA (6.83 ERA), opening the door for more runs.",Model projects 8.76 runs — P(OVER 9.5) = 43.2% vs market cost 34.5% including fees.,"Biggest risk: Pitcher-friendly park (factor 0.94), a signal pointing the other way that could still flip this total.",,,0.432,0.33,,,
2026-08-15,St. Louis Cardinals @ Chicago Cubs,LEAN OVER,,PRIME TARGET,9.5,OVER,+119,,OVER,HIT,11.9,"Away's Michael McGreevy has been hittable at 5.68 xERA (3.64 ERA), opening the door for more runs.",Model projects 10.17 runs — P(OVER 9.5) = 55.8% vs market cost 45.7% including fees.,"Biggest risk: wind at this park is low-reliability, so the forecast behind this call may not match what actually happens in-stadium.",,,0.558,0.44,,,
2026-08-15,Washington Nationals @ New York Mets,NEUTRAL,,PRIME TARGET,8.5,OVER,+119,,OVER,HIT,11.9,No single dominant signal — the call comes from the runs projection.,Model projects 8.94 runs — P(OVER 8.5) = 54.0% vs market cost 45.7% including fees.,"Biggest risk: confidence is only LOW, meaning fewer signals lined up behind this call than an ideal setup.",,,0.54,0.44,,,
2026-08-16,Arizona Diamondbacks @ Atlanta Braves,NEUTRAL,,PRIME TARGET,9.5,OVER,+124,,UNDER,MISS,-10,No single dominant signal — the call comes from the runs projection.,Model projects 10.02 runs — P(OVER 9.5) = 54.5% vs market cost 44.7% including fees.,"Biggest risk: confidence is only LOW, meaning fewer signals lined up behind this call than an ideal setup.",,,0.545,0.43,,,
2026-08-16,Baltimore Orioles @ Tampa Bay Rays,DOME — NEUTRAL,,PRIME TARGET,7.5,OVER,+105,,OVER,HIT,10.5,No single dominant signal — the call comes from the runs projection.,Model projects 8.34 runs — P(OVER 7.5) = 57.9% vs market cost 48.7% including fees.,"Biggest risk: Home ERA-xERA gap — pitcher has been unlucky, expect improvement, a signal pointing the other way that could still flip this total.",,,0.579,0.47,,,
2026-08-16,Colorado Rockies @ San Francisco Giants,STRONG UNDER,,PRIME TARGET,8.5,UNDER,-131,,OVER,MISS,-10,"Away's Gabriel Hughes has been excellent at 3.03 xERA (5.61 ERA), keeping the lid on scoring.",Model projects 6.83 runs — P(UNDER 8.5) = 67.0% vs market cost 56.7% including fees.,"Biggest risk: Away poor bullpen quality — late innings vulnerable, a signal pointing the other way that could still flip this total.",,,0.67,0.55,,,
2026-08-16,Texas Rangers @ Athletics,NEUTRAL,,PRIME TARGET,8.5,UNDER,+152,,UNDER,HIT,15.2,"Home's Jacob Lopez has been excellent at 3.42 xERA (5.38 ERA), keeping the lid on scoring.",Model projects 7.86 runs — P(UNDER 8.5) = 56.3% vs market cost 39.6% including fees.,"Biggest risk: Away pitcher xERA 4.82 (ERA 2.38) — hittable, over lean, a signal pointing the other way that could still flip this total.",,,0.563,0.38,,,
2026-08-16,Washington Nationals @ New York Mets,NEUTRAL,,PRIME TARGET,9.5,OVER,+146,,UNDER,MISS,-10,"Away's Jake Irvin has been hittable at 5.36 xERA (5.79 ERA), opening the door for more runs.",Model projects 9.77 runs — P(OVER 9.5) = 52.4% vs market cost 40.7% including fees.,"Biggest risk: confidence is only MEDIUM, meaning fewer signals lined up behind this call than an ideal setup.",,,0.524,0.39,,,
2026-08-17,Arizona Diamondbacks @ Boston Red Sox,NEUTRAL,,PRIME TARGET,8.5,UNDER,+105,,OVER,MISS,-10,"Home's Alec Gamboa has been excellent at 2.66 xERA (1.59 ERA), keeping the lid on scoring.",Model projects 7.78 runs — P(UNDER 8.5) = 57.0% vs market cost 48.7% including fees.,"Biggest risk: Home ERA-xERA gap — pitcher has been lucky, regression risk, a signal pointing the other way that could still flip this total.",,,0.57,0.47,,,
2026-08-17,Chicago White Sox @ Chicago Cubs,NEUTRAL,,PRIME TARGET,9.5,OVER,+159,,OVER,HIT,15.9,No single dominant signal — the call comes from the runs projection.,Model projects 9.77 runs — P(OVER 9.5) = 52.4% vs market cost 38.6% including fees.,"Biggest risk: wind at this park is low-reliability, so the forecast behind this call may not match what actually happens in-stadium.",,,0.524,0.37,,,
2026-08-17,Detroit Tigers @ Pittsburgh Pirates,LEAN OVER,,PRIME TARGET,9.5,OVER,+159,,OVER,HIT,15.9,"Home's Carmen Mlodzinski has been hittable at 5.15 xERA (3.79 ERA), opening the door for more runs.",Model projects 10.48 runs — P(OVER 9.5) = 58.3% vs market cost 38.6% including fees.,"Biggest risk: Away elite bullpen quality, a signal pointing the other way that could still flip this total.",,,0.583,0.37,,,
2026-08-17,Los Angeles Dodgers @ Colorado Rockies,LEAN OVER,,PRIME TARGET,11.5,OVER,+119,,OVER,HIT,11.9,"Home's Tomoyuki Sugano has been hittable at 6.93 xERA (4.43 ERA), opening the door for more runs.",Model projects 12.22 runs — P(OVER 11.5) = 55.7% vs market cost 45.7% including fees.,"Biggest risk: Away pitcher xERA 2.34 (ERA 5.00) — elite, suppresses scoring, a signal pointing the other way that could still flip this total.",,,0.557,0.44,,,
2026-08-17,Miami Marlins @ Philadelphia Phillies,NEUTRAL,,PRIME TARGET,7.5,OVER,+124,,OVER,HIT,12.4,No single dominant signal — the call comes from the runs projection.,Model projects 8.98 runs — P(OVER 7.5) = 63.3% vs market cost 44.7% including fees.,"Biggest risk: Home pitcher xERA 3.32 (ERA 2.52) — solid, mild under lean, a signal pointing the other way that could still flip this total.",,,0.633,0.43,,,
2026-08-17,St. Louis Cardinals @ Cincinnati Reds (Game 1),NEUTRAL,,PRIME TARGET,8.5,UNDER,+129,,UNDER,HIT,12.9,No single dominant signal — the call comes from the runs projection.,Model projects 8.28 runs — P(UNDER 8.5) = 52.1% vs market cost 43.7% including fees.,"Biggest risk: Hitter-friendly park (factor 1.12), a signal pointing the other way that could still flip this total.",,,0.521,0.42,,,
2026-08-17,St. Louis Cardinals @ Cincinnati Reds (Game 2),NEUTRAL,,PRIME TARGET,9.5,OVER,+146,,OVER,HIT,14.6,"Home's Rhett Lowder has been hittable at 5.22 xERA (5.08 ERA), opening the door for more runs.",Model projects 9.64 runs — P(OVER 9.5) = 51.3% vs market cost 40.7% including fees.,"Biggest risk: Home lineup cold — recent OPS 0.611 and season OPS 0.625 agree, a signal pointing the other way that could still flip this total.",,,0.513,0.39,,,
2026-08-18,Detroit Tigers @ Pittsburgh Pirates,NEUTRAL,,PRIME TARGET,7.5,OVER,+159,,UNDER,MISS,-10,"Detroit Tigers's lineup has been hot, with a 0.786 OPS over the last 15 games and 0.789 on the season.",Model projects 8.87 runs — P(OVER 7.5) = 62.5% vs market cost 38.6% including fees.,"Biggest risk: Home pitcher xERA 3.34 (ERA 3.77) — solid, mild under lean, a signal pointing the other way that could still flip this total.",,,0.625,0.37,,,
2026-08-18,Los Angeles Angels @ Houston Astros,OVER,,PRIME TARGET,11.5,OVER,+218,,UNDER,MISS,-10,"Away's George Klassen has been hittable at 6.59 xERA (5.52 ERA), opening the door for more runs.",Model projects 11.21 runs — P(OVER 11.5) = 47.6% vs market cost 31.5% including fees.,"Biggest risk: wind at this park is low-reliability, so the forecast behind this call may not match what actually happens in-stadium.",,,0.476,0.3,,,
2026-08-18,New York Yankees @ Baltimore Orioles,NEUTRAL,,PRIME TARGET,7.5,OVER,+119,,UNDER,MISS,-10,No single dominant signal — the call comes from the runs projection.,Model projects 9.02 runs — P(OVER 7.5) = 63.6% vs market cost 45.7% including fees.,"Biggest risk: Away elite bullpen quality, a signal pointing the other way that could still flip this total.",,,0.636,0.44,,,
2026-08-18,St. Louis Cardinals @ Cincinnati Reds,OVER,,PRIME TARGET,8.5,OVER,+140,,UNDER,MISS,-10,"Away's Kyle Leahy has been hittable at 5.08 xERA (3.35 ERA), opening the door for more runs.",Model projects 9.89 runs — P(OVER 8.5) = 62.0% vs market cost 41.7% including fees.,"Biggest risk: no clear counter-signal fired, but a single bad bullpen inning or late weather shift could still flip a total this close.",,,0.62,0.4,,,
2026-08-18,Toronto Blue Jays @ Tampa Bay Rays,DOME — NEUTRAL,,PRIME TARGET,7.5,OVER,-103,,OVER,HIT,9.71,No single dominant signal — the call comes from the runs projection.,Model projects 8.60 runs — P(OVER 7.5) = 60.2% vs market cost 50.7% including fees.,"Biggest risk: confidence is only LOW, meaning fewer signals lined up behind this call than an ideal setup.",,,0.602,0.49,,,
2026-08-18,Washington Nationals @ Texas Rangers,DOME — NEUTRAL,,PRIME TARGET,9.5,OVER,+173,,UNDER,MISS,-10,"Away's Jackson Kent has been hittable at 5.22 xERA (6.75 ERA), opening the door for more runs.",Model projects 9.63 runs — P(OVER 9.5) = 51.2% vs market cost 36.6% including fees.,"Biggest risk: Away ERA-xERA gap — pitcher has been unlucky, expect improvement, a signal pointing the other way that could still flip this total.",,,0.512,0.35,,,
2026-08-19,Athletics @ Kansas City Royals,LEAN OVER,,PRIME TARGET,9.5,OVER,+134,,OVER,HIT,13.4,"Away's Jeffrey Springs has been hittable at 4.95 xERA (6.17 ERA), opening the door for more runs.",Model projects 10.02 runs — P(OVER 9.5) = 54.5% vs market cost 42.7% including fees.,"Biggest risk: Away ERA-xERA gap — pitcher has been unlucky, expect improvement, a signal pointing the other way that could still flip this total.",,,0.545,0.41,,,
2026-08-19,Chicago White Sox @ Chicago Cubs,NEUTRAL,,PRIME TARGET,9.5,OVER,+181,,UNDER,MISS,-10,No single dominant signal — the call comes from the runs projection.,Model projects 9.53 runs — P(OVER 9.5) = 50.3% vs market cost 35.6% including fees.,"Biggest risk: wind at this park is low-reliability, so the forecast behind this call may not match what actually happens in-stadium.",,,0.503,0.34,,,
2026-08-19,Detroit Tigers @ Pittsburgh Pirates,NEUTRAL,,PRIME TARGET,9.5,OVER,+166,,UNDER,MISS,-10,"Away's Jackson Jobe has been hittable at 7.66 xERA (6.23 ERA), opening the door for more runs.",Model projects 10.15 runs — P(OVER 9.5) = 55.6% vs market cost 37.6% including fees.,"Biggest risk: Wind IN at 10mph W — mild suppression, a signal pointing the other way that could still flip this total.",,,0.556,0.36,,,
2026-08-19,Los Angeles Dodgers @ Colorado Rockies,LEAN OVER,,PRIME TARGET,11.5,UNDER,-121,,UNDER,HIT,8.26,No single dominant signal — the call comes from the runs projection.,Model projects 9.92 runs — P(UNDER 11.5) = 63.5% vs market cost 54.7% including fees.,"Biggest risk: Hitter-friendly park (factor 1.20), a signal pointing the other way that could still flip this total.",,,0.635,0.53,,,
2026-08-19,Miami Marlins @ Philadelphia Phillies,NEUTRAL,,PRIME TARGET,9.5,OVER,+152,,UNDER,MISS,-10,No single dominant signal — the call comes from the runs projection.,Model projects 9.56 runs — P(OVER 9.5) = 50.6% vs market cost 39.6% including fees.,"Biggest risk: wind at this park is medium-reliability, so the forecast behind this call may not match what actually happens in-stadium.",,,0.506,0.38,,,
2026-08-19,San Diego Padres @ New York Mets,NEUTRAL,,PRIME TARGET,9.5,OVER,+129,,UNDER,MISS,-10,"Home's Robert Stock has been hittable at 5.08 xERA (6.57 ERA), opening the door for more runs.",Model projects 10.02 runs — P(OVER 9.5) = 54.5% vs market cost 43.7% including fees.,"Biggest risk: Home ERA-xERA gap — pitcher has been unlucky, expect improvement, a signal pointing the other way that could still flip this total.",,,0.545,0.42,,,
2026-08-19,San Francisco Giants @ Cleveland Guardians,LEAN UNDER,,PRIME TARGET,6.5,UNDER,-126,,UNDER,HIT,7.94,"Away's Matt Wilkinson has been excellent at 0.00 ERA, keeping the lid on scoring.",Model projects 4.88 runs — P(UNDER 6.5) = 69.4% vs market cost 55.7% including fees.,"Biggest risk: no clear counter-signal fired, but a single bad bullpen inning or late weather shift could still flip a total this close.",,,0.694,0.54,,,
2026-08-19,Seattle Mariners @ Milwaukee Brewers,DOME — NEUTRAL,,PRIME TARGET,7.5,OVER,+124,,OVER,HIT,12.4,No single dominant signal — the call comes from the runs projection.,Model projects 8.20 runs — P(OVER 7.5) = 56.7% vs market cost 44.7% including fees.,"Biggest risk: Home elite bullpen quality, a signal pointing the other way that could still flip this total.",,,0.567,0.43,,,
2026-08-19,St. Louis Cardinals @ Cincinnati Reds,NEUTRAL,,PRIME TARGET,7.5,OVER,+119,,OVER,HIT,11.9,"Away's Matthew Liberatore has been hittable at 4.85 xERA (5.03 ERA), opening the door for more runs.",Model projects 8.79 runs — P(OVER 7.5) = 61.8% vs market cost 45.7% including fees.,"Biggest risk: Home pitcher xERA 3.06 (ERA 2.45) — solid, mild under lean, a signal pointing the other way that could still flip this total.",,,0.618,0.44,,,
2026-08-19,Washington Nationals @ Texas Rangers,DOME — NEUTRAL,,PRIME TARGET,9.5,OVER,+189,,UNDER,MISS,-10,No single dominant signal — the call comes from the runs projection.,Model projects 9.18 runs — P(OVER 9.5) = 47.1% vs market cost 34.5% including fees.,"Biggest risk: confidence is only LOW, meaning fewer signals lined up behind this call than an ideal setup.",,,0.471,0.33,,,
2026-08-20,Athletics @ Kansas City Royals,NEUTRAL,,PRIME TARGET,9.5,OVER,+159,,UNDER,MISS,-10,No single dominant signal — the call comes from the runs projection.,Model projects 9.20 runs — P(OVER 9.5) = 47.3% vs market cost 38.6% including fees.,"Biggest risk: confidence is only LOW, meaning fewer signals lined up behind this call than an ideal setup.",,,0.473,0.37,,,
2026-08-20,Los Angeles Angels @ Houston Astros,NEUTRAL,,PRIME TARGET,9.5,OVER,+152,,OVER,HIT,15.2,"Away's Grayson Rodriguez has been hittable at 6.38 xERA (7.17 ERA), opening the door for more runs.",Model projects 9.55 runs — P(OVER 9.5) = 50.4% vs market cost 39.6% including fees.,"Biggest risk: Home pitcher xERA 3.34 (ERA 3.11) — solid, mild under lean, a signal pointing the other way that could still flip this total.",,,0.504,0.38,,,
2026-08-20,New York Yankees @ Baltimore Orioles,LEAN UNDER,,PRIME TARGET,7.5,OVER,+105,,UNDER,MISS,-10,No single dominant signal — the call comes from the runs projection.,Model projects 8.79 runs — P(OVER 7.5) = 61.8% vs market cost 48.7% including fees.,"Biggest risk: Away pitcher xERA 3.37 (ERA 3.22) — solid, mild under lean, a signal pointing the other way that could still flip this total.",,,0.618,0.47,,,
2026-08-20,Toronto Blue Jays @ Tampa Bay Rays,DOME — LEAN OVER,,PRIME TARGET,9.5,OVER,+229,,UNDER,MISS,-10,"Away's Shane Bieber has been hittable at 6.85 xERA (4.99 ERA), opening the door for more runs.",Model projects 9.96 runs — P(OVER 9.5) = 54.0% vs market cost 30.4% including fees.,"Biggest risk: confidence is only MEDIUM, meaning fewer signals lined up behind this call than an ideal setup.",,,0.54,0.29,,,
2026-08-20,Washington Nationals @ Texas Rangers,DOME — NEUTRAL,,PRIME TARGET,8.5,OVER,+146,,UNDER,MISS,-10,No single dominant signal — the call comes from the runs projection.,Model projects 8.57 runs — P(OVER 8.5) = 50.7% vs market cost 40.7% including fees.,"Biggest risk: confidence is only LOW, meaning fewer signals lined up behind this call than an ideal setup.",,,0.507,0.39,,,
2026-08-21,Athletics @ Houston Astros,NEUTRAL,,PRIME TARGET,9.5,OVER,+166,,UNDER,MISS,-10,No single dominant signal — the call comes from the runs projection.,Model projects 9.45 runs — P(OVER 9.5) = 49.5% vs market cost 37.6% including fees.,"Biggest risk: wind at this park is low-reliability, so the forecast behind this call may not match what actually happens in-stadium.",,,0.495,0.36,,,
2026-08-21,Chicago Cubs @ Seattle Mariners,NEUTRAL,,PRIME TARGET,9.5,OVER,+173,,OVER,HIT,17.3,"Away's Matthew Boyd has been hittable at 4.98 xERA (4.02 ERA), opening the door for more runs.",Model projects 9.49 runs — P(OVER 9.5) = 49.9% vs market cost 36.6% including fees.,"Biggest risk: wind at this park is medium-reliability, so the forecast behind this call may not match what actually happens in-stadium.",,,0.499,0.35,,,
2026-08-21,Cincinnati Reds @ Arizona Diamondbacks,DOME — LEAN OVER,,PRIME TARGET,9.5,OVER,+152,,UNDER,MISS,-10,"Away's Nick Lodolo has been hittable at 5.98 xERA (4.52 ERA), opening the door for more runs.",Model projects 9.58 runs — P(OVER 9.5) = 50.7% vs market cost 39.6% including fees.,"Biggest risk: Away lineup cold — recent OPS 0.622 and season OPS 0.607 agree, a signal pointing the other way that could still flip this total.",,,0.507,0.38,,,
2026-08-21,Detroit Tigers @ Kansas City Royals,NEUTRAL,,PRIME TARGET,9.5,OVER,+159,,UNDER,MISS,-10,"Detroit Tigers's lineup has been hot, with a 0.846 OPS over the last 15 games and 0.855 on the season.",Model projects 9.71 runs — P(OVER 9.5) = 51.9% vs market cost 38.6% including fees.,"Biggest risk: Away pitcher xERA 3.06 (ERA 1.49) — solid, mild under lean, a signal pointing the other way that could still flip this total.",,,0.519,0.37,,,
2026-08-21,Minnesota Twins @ San Diego Padres,NEUTRAL,,PRIME TARGET,9.5,OVER,+159,,UNDER,MISS,-10,"Home's Randy Vásquez has been hittable at 5.83 xERA (4.30 ERA), opening the door for more runs.",Model projects 10.24 runs — P(OVER 9.5) = 56.4% vs market cost 38.6% including fees.,"Biggest risk: Pitcher-friendly park (factor 0.93), a signal pointing the other way that could still flip this total.",,,0.564,0.37,,,
2026-08-21,Pittsburgh Pirates @ Los Angeles Dodgers,NEUTRAL,,PRIME TARGET,6.5,UNDER,+181,,OVER,MISS,-10,"Home's Yoshinobu Yamamoto has been excellent at 3.08 xERA (2.60 ERA), keeping the lid on scoring.",Model projects 6.86 runs — P(UNDER 6.5) = 46.2% vs market cost 35.6% including fees.,"Biggest risk: wind at this park is low-reliability, so the forecast behind this call may not match what actually happens in-stadium.",,,0.462,0.34,,,
2026-08-21,San Francisco Giants @ Boston Red Sox,NEUTRAL,,PRIME TARGET,7.5,OVER,+105,,OVER,HIT,10.5,No single dominant signal — the call comes from the runs projection.,Model projects 8.25 runs — P(OVER 7.5) = 57.1% vs market cost 48.7% including fees.,"Biggest risk: wind at this park is medium-reliability, so the forecast behind this call may not match what actually happens in-stadium.",,,0.571,0.47,,,
2026-08-21,Tampa Bay Rays @ Baltimore Orioles,NEUTRAL,,PRIME TARGET,9.5,OVER,+173,,UNDER,MISS,-10,No single dominant signal — the call comes from the runs projection.,Model projects 9.68 runs — P(OVER 9.5) = 51.6% vs market cost 36.6% including fees.,"Biggest risk: Away ERA-xERA gap — pitcher has been unlucky, expect improvement, a signal pointing the other way that could still flip this total.",,,0.516,0.35,,,
2026-08-21,Washington Nationals @ Miami Marlins,NEUTRAL,,PRIME TARGET,9.5,OVER,+181,,UNDER,MISS,-10,No single dominant signal — the call comes from the runs projection.,Model projects 9.71 runs — P(OVER 9.5) = 51.9% vs market cost 35.6% including fees.,"Biggest risk: wind at this park is low-reliability, so the forecast behind this call may not match what actually happens in-stadium.",,,0.519,0.34,,,
2026-08-22,Chicago Cubs @ Seattle Mariners,NEUTRAL,,PRIME TARGET,7.5,OVER,+101,,OVER,HIT,10.1,"Away's David Peterson has been hittable at 4.94 xERA (5.29 ERA), opening the door for more runs.",Model projects 8.35 runs — P(OVER 7.5) = 58.1% vs market cost 49.7% including fees.,"Biggest risk: wind at this park is medium-reliability, so the forecast behind this call may not match what actually happens in-stadium.",,,0.581,0.48,,,
2026-08-22,Cleveland Guardians @ Colorado Rockies,NEUTRAL,,PRIME TARGET,10.5,UNDER,+101,,UNDER,HIT,10.1,"Home's Gabriel Hughes has been excellent at 3.41 xERA (6.69 ERA), keeping the lid on scoring.",Model projects 9.11 runs — P(UNDER 10.5) = 62.5% vs market cost 49.7% including fees.,"Biggest risk: Hitter-friendly park (factor 1.20), a signal pointing the other way that could still flip this total.",,,0.625,0.48,,,
2026-08-22,New York Mets @ Chicago White Sox,NEUTRAL,,PRIME TARGET,8.5,UNDER,-121,,OVER,MISS,-10,"Wind is blowing in at 15mph NNW, knocking down fly balls.",Model projects 6.98 runs — P(UNDER 8.5) = 65.5% vs market cost 54.7% including fees.,"Biggest risk: Home pitcher xERA 4.85 (ERA 4.99) — hittable, over lean, a signal pointing the other way that could still flip this total.",,,0.655,0.53,,,
2026-08-22,Pittsburgh Pirates @ Los Angeles Dodgers,LEAN UNDER,,PRIME TARGET,8.5,UNDER,-154,,UNDER,HIT,6.49,"Home's Tarik Skubal has been excellent at 3.01 xERA (2.85 ERA), keeping the lid on scoring.",Model projects 6.58 runs — P(UNDER 8.5) = 69.7% vs market cost 60.7% including fees.,"Biggest risk: wind at this park is low-reliability, so the forecast behind this call may not match what actually happens in-stadium.",,,0.697,0.59,,,
2026-08-22,Tampa Bay Rays @ Baltimore Orioles,NEUTRAL,,PRIME TARGET,9.5,OVER,+173,,UNDER,MISS,-10,No single dominant signal — the call comes from the runs projection.,Model projects 8.94 runs — P(OVER 9.5) = 44.8% vs market cost 36.6% including fees.,"Biggest risk: wind at this park is medium-reliability, so the forecast behind this call may not match what actually happens in-stadium.",,,0.448,0.35,,,
2026-08-22,Toronto Blue Jays @ New York Yankees,NEUTRAL,,PRIME TARGET,7.5,OVER,+140,,UNDER,MISS,-10,Yankee Stadium is one of the more hitter-friendly parks in MLB (factor 1.10).,Model projects 7.92 runs — P(OVER 7.5) = 54.1% vs market cost 41.7% including fees.,"Biggest risk: Away pitcher xERA 2.66 (ERA 2.42) — elite, suppresses scoring, a signal pointing the other way that could still flip this total.",,,0.541,0.4,,,
2026-08-22,Washington Nationals @ Miami Marlins,NEUTRAL,,PRIME TARGET,9.5,OVER,+189,,UNDER,MISS,-10,"Away's Jake Irvin has been hittable at 5.32 xERA (5.80 ERA), opening the door for more runs.",Model projects 9.93 runs — P(OVER 9.5) = 53.8% vs market cost 34.5% including fees.,"Biggest risk: wind at this park is low-reliability, so the forecast behind this call may not match what actually happens in-stadium.",,,0.538,0.33,,,
2026-08-23,Athletics @ Houston Astros,LEAN OVER,,PRIME TARGET,9.5,OVER,+129,,OVER,HIT,12.9,"Home's Cristian Javier has been hittable at 5.53 xERA (6.44 ERA), opening the door for more runs.",Model projects 9.99 runs — P(OVER 9.5) = 54.2% vs market cost 43.7% including fees.,"Biggest risk: wind at this park is low-reliability, so the forecast behind this call may not match what actually happens in-stadium.",,,0.542,0.42,,,
2026-08-23,Los Angeles Angels @ Texas Rangers,DOME — NEUTRAL,,PRIME TARGET,8.5,UNDER,-137,,UNDER,HIT,7.3,"Los Angeles Angels's lineup has been cold, with a 0.561 OPS over the last 15 games and 0.638 on the season.",Model projects 6.67 runs — P(UNDER 8.5) = 68.7% vs market cost 57.7% including fees.,"Biggest risk: Away pitcher xERA 4.94 (ERA 5.81) — hittable, over lean, a signal pointing the other way that could still flip this total.",,,0.687,0.56,,,
2026-08-23,New York Mets @ Chicago White Sox,NEUTRAL,,PRIME TARGET,8.5,UNDER,-126,,UNDER,HIT,7.94,"Wind is blowing in at 15mph N, knocking down fly balls.",Model projects 6.71 runs — P(UNDER 8.5) = 68.3% vs market cost 55.7% including fees.,"Biggest risk: Home ERA-xERA gap — pitcher has been lucky, regression risk, a signal pointing the other way that could still flip this total.",,,0.683,0.54,,,
2026-08-23,San Francisco Giants @ Boston Red Sox,LEAN UNDER,,PRIME TARGET,6.5,UNDER,+198,,OVER,MISS,-10,"Away's Matt Wilkinson has been excellent at 1.69 xERA (0.00 ERA), keeping the lid on scoring.",Model projects 6.28 runs — P(UNDER 6.5) = 52.4% vs market cost 33.5% including fees.,"Biggest risk: Away ERA-xERA gap — pitcher has been lucky, regression risk, a signal pointing the other way that could still flip this total.",,,0.524,0.32,,,
2026-08-23,St. Louis Cardinals @ Philadelphia Phillies,NEUTRAL,,PRIME TARGET,10.5,OVER,+266,,UNDER,MISS,-10,"Away's Kyle Leahy has been hittable at 4.94 xERA (3.24 ERA), opening the door for more runs.",Model projects 9.35 runs — P(OVER 10.5) = 39.8% vs market cost 27.3% including fees.,"Biggest risk: Home pitcher xERA 3.34 (ERA 2.51) — solid, mild under lean, a signal pointing the other way that could still flip this total.",,,0.398,0.26,,,
2026-08-23,Tampa Bay Rays @ Baltimore Orioles,NEUTRAL,,PRIME TARGET,9.5,OVER,+124,,UNDER,MISS,-10,No single dominant signal — the call comes from the runs projection.,Model projects 10.41 runs — P(OVER 9.5) = 57.7% vs market cost 44.7% including fees.,"Biggest risk: wind at this park is medium-reliability, so the forecast behind this call may not match what actually happens in-stadium.",,,0.577,0.43,,,
2026-08-23,Toronto Blue Jays @ New York Yankees,NEUTRAL,,PRIME TARGET,9.5,OVER,+189,,OVER,HIT,18.9,Yankee Stadium is one of the more hitter-friendly parks in MLB (factor 1.10).,Model projects 8.74 runs — P(OVER 9.5) = 43.0% vs market cost 34.5% including fees.,"Biggest risk: Home elite bullpen quality, a signal pointing the other way that could still flip this total.",,,0.43,0.33,,,
2026-08-23,Washington Nationals @ Miami Marlins,NEUTRAL,,PRIME TARGET,9.5,OVER,+152,,UNDER,MISS,-10,"Away's Jackson Kent has been hittable at 6.29 xERA (9.39 ERA), opening the door for more runs.",Model projects 10.40 runs — P(OVER 9.5) = 57.6% vs market cost 39.6% including fees.,"Biggest risk: Away ERA-xERA gap — pitcher has been unlucky, expect improvement, a signal pointing the other way that could still flip this total.",,,0.576,0.38,,,
2026-08-24,Boston Red Sox @ Miami Marlins,NEUTRAL,,PRIME TARGET,7.5,OVER,+109,,UNDER,MISS,-10,No single dominant signal — the call comes from the runs projection.,Model projects 8.24 runs — P(OVER 7.5) = 57.1% vs market cost 47.7% including fees.,"Biggest risk: wind at this park is low-reliability, so the forecast behind this call may not match what actually happens in-stadium.",,,0.571,0.46,,,
2026-08-24,Chicago Cubs @ Arizona Diamondbacks,DOME — NEUTRAL,,PRIME TARGET,11.5,OVER,+240,,UNDER,MISS,-10,"Home's Merrill Kelly has been hittable at 7.23 xERA (5.37 ERA), opening the door for more runs.",Model projects 11.91 runs — P(OVER 11.5) = 53.3% vs market cost 29.4% including fees.,"Biggest risk: Home elite bullpen quality, a signal pointing the other way that could still flip this total.",,,0.533,0.28,,,
2026-08-24,Cincinnati Reds @ San Francisco Giants,UNDER,,PRIME TARGET,6.5,UNDER,+140,,UNDER,HIT,14,"Away's Chase Burns has been excellent at 3.01 xERA (2.51 ERA), keeping the lid on scoring.",Model projects 5.56 runs — P(UNDER 6.5) = 60.9% vs market cost 41.7% including fees.,"Biggest risk: wind at this park is medium-reliability, so the forecast behind this call may not match what actually happens in-stadium.",,,0.609,0.4,,,
2026-08-24,Colorado Rockies @ Washington Nationals,LEAN OVER,,PRIME TARGET,9.5,OVER,+159,,OVER,HIT,15.9,"Away's Ryan Feltner has been hittable at 5.57 xERA (5.97 ERA), opening the door for more runs.",Model projects 10.09 runs — P(OVER 9.5) = 55.1% vs market cost 38.6% including fees.,"Biggest risk: confidence is only MEDIUM, meaning fewer signals lined up behind this call than an ideal setup.",,,0.551,0.37,,,
2026-08-24,Philadelphia Phillies @ Seattle Mariners,NEUTRAL,,PRIME TARGET,7.5,OVER,+140,,OVER,HIT,14,No single dominant signal — the call comes from the runs projection.,Model projects 7.66 runs — P(OVER 7.5) = 51.6% vs market cost 41.7% including fees.,"Biggest risk: Away pitcher xERA 2.78 (ERA 2.92) — solid, mild under lean, a signal pointing the other way that could still flip this total.",,,0.516,0.4,,,
2026-08-24,Pittsburgh Pirates @ San Diego Padres,NEUTRAL,,PRIME TARGET,7.5,OVER,+105,,UNDER,MISS,-10,No single dominant signal — the call comes from the runs projection.,Model projects 8.58 runs — P(OVER 7.5) = 60.0% vs market cost 48.7% including fees.,"Biggest risk: Pitcher-friendly park (factor 0.93), a signal pointing the other way that could still flip this total.",,,0.6,0.47,,,
2026-08-24,Texas Rangers @ Chicago White Sox,LEAN UNDER,,PRIME TARGET,7.5,UNDER,+119,,OVER,MISS,-10,"Home's José Urquidy has been excellent at 2.72 xERA (5.06 ERA), keeping the lid on scoring.",Model projects 6.42 runs — P(UNDER 7.5) = 61.5% vs market cost 45.7% including fees.,"Biggest risk: confidence is only MEDIUM, meaning fewer signals lined up behind this call than an ideal setup.",,,0.615,0.44,,,
2026-08-25,Cincinnati Reds @ San Francisco Giants,NEUTRAL,MEDIUM,TARGET,8.5,UNDER,-137,,UNDER,HIT,7.3,Oracle Park suppresses scoring as a pitcher's park (factor 0.94).,Model projects 6.43 runs — P(UNDER 8.5) = 60.0% vs market cost 57.7% including fees.,"Biggest risk: Away pitcher xERA 5.04 (ERA 4.72) — hittable, over lean, a signal pointing the other way that could still flip this total.",park_pitcher:UNDER:1|pitcher_hittable:OVER:1|pitcher_hittable:OVER:1|lineup_cold:UNDER:2|lineup_cold:UNDER:2,6.43,0.600,0.56,KXMLBTOTAL-26AUG252145CINSF-9,0.99,43.0
2026-08-25,Baltimore Orioles @ St. Louis Cardinals,LEAN OVER,HIGH,PRIME TARGET,9.5,OVER,+166,,OVER,HIT,16.6,"Away's Chris Bassitt has been hittable at 5.11 xERA (5.08 ERA), opening the door for more runs.",Model projects 9.91 runs — P(OVER 9.5) = 40.4% vs market cost 37.6% including fees.,"Biggest risk: no clear counter-signal fired, but a single bad bullpen inning or late weather shift could still flip a total this close.",pitcher_hittable:OVER:1|pitcher_hittable:OVER:1,9.91,0.404,0.36,KXMLBTOTAL-26AUG251945BALSTL-10,0.99,63.0
2026-08-25,Milwaukee Brewers @ New York Mets,NEUTRAL,LOW,TARGET,8.5,OVER,+152,,UNDER,MISS,-10,"Home's Zac Thornton has been hittable at 4.85 xERA (3.04 ERA), opening the door for more runs.",Model projects 8.96 runs — P(OVER 8.5) = 42.1% vs market cost 39.6% including fees.,"Biggest risk: Away pitcher xERA 3.15 (ERA 2.84) — solid, mild under lean, a signal pointing the other way that could still flip this total.",pitcher_solid:UNDER:1|pitcher_hittable:OVER:1|era_gap_lucky:OVER:2,8.96,0.421,0.38,KXMLBTOTAL-26AUG251910MILNYM-9,0.01,-37.0
2026-08-26,Cincinnati Reds @ San Francisco Giants,NEUTRAL,LOW,PRIME TARGET,6.5,UNDER,+159,,OVER,MISS,-10,Oracle Park suppresses scoring as a pitcher's park (factor 0.94).,Model projects 6.05 runs — P(UNDER 6.5) = 41.5% vs market cost 38.6% including fees.,"Biggest risk: Away pitcher xERA 6.49 (ERA 5.04) — hittable, over lean, a signal pointing the other way that could still flip this total.",park_pitcher:UNDER:1|pitcher_hittable:OVER:1|era_gap_lucky:OVER:2|lineup_cold:UNDER:2|lineup_cold:UNDER:2,6.05,0.415,0.37,KXMLBTOTAL-26AUG261545CINSF-7,0.01,-36.0
2026-08-26,Baltimore Orioles @ St. Louis Cardinals,LEAN OVER,MEDIUM,TARGET,9.5,OVER,+146,,OVER,HIT,14.6,"Home's Michael McGreevy has been hittable at 5.31 xERA (3.54 ERA), opening the door for more runs.",Model projects 9.84 runs — P(OVER 9.5) = 42.5% vs market cost 40.7% including fees.,"Biggest risk: confidence is only MEDIUM, meaning fewer signals lined up behind this call than an ideal setup.",pitcher_hittable:OVER:1|era_gap_lucky:OVER:2,9.84,0.425,0.39,KXMLBTOTAL-26AUG261945BALSTL-10,0.99,60.0
